"subject","block","trial","first_trial_in_block","first_trial","card_right","card_left","ch_card","ch_key","selected_offer","reward","Q_ch_card","Q_unch_card","Q_right_card","Q_left_card","exp_val_right","exp_val_left","exp_val_ch","exp_val_unch","PE_cards","alpha","beta","scarcity"
1,1,1,1,1,1,2,1,2,1,0,0.5,0.5,0.5,0.5,0.2,0.2,0.2,0.2,-0.5,0.3,4,0.2
1,1,2,0,0,3,1,3,2,1,0,0.5,0.35,0.5,0.35,0.2,0.2,0.2,0.2,-0.5,0.3,4,0.2
1,1,3,0,0,2,3,2,2,1,0,0.5,0.35,0.5,0.35,0.2,0.2,0.2,0.2,-0.5,0.3,4,0.2
1,1,4,0,0,1,2,2,1,0,0,0.35,0.35,0.35,0.35,0.2,0.2,0.2,0.2,-0.35,0.3,4,0.2
1,1,5,0,0,2,1,2,2,1,0,0.245,0.35,0.245,0.35,0.2,0.2,0.2,0.2,-0.245,0.3,4,0.2
1,1,6,0,0,1,2,2,1,0,0,0.1715,0.35,0.35,0.1715,0.2,0.2,0.2,0.2,-0.1715,0.3,4,0.2
1,1,7,0,0,1,2,1,2,1,0,0.35,0.12005,0.35,0.12005,0.2,0.2,0.2,0.2,-0.35,0.3,4,0.2
1,1,8,0,0,1,3,1,2,1,0,0.245,0.35,0.245,0.35,0.2,0.2,0.2,0.2,-0.245,0.3,4,0.2
1,1,9,0,0,2,3,3,1,0,0,0.35,0.12005,0.12005,0.35,0.2,0.2,0.2,0.2,-0.35,0.3,4,0.2
1,1,10,0,0,1,3,3,1,0,1,0.245,0.1715,0.1715,0.245,0.2,0.2,0.2,0.2,0.755,0.3,4,0.2
1,1,11,0,0,3,2,3,2,1,0,0.4715,0.12005,0.4715,0.12005,0.2,0.2,0.2,0.2,-0.4715,0.3,4,0.2
1,1,12,0,0,3,1,3,2,1,0,0.33005,0.1715,0.33005,0.1715,0.2,0.2,0.2,0.2,-0.33005,0.3,4,0.2
1,1,13,0,0,1,3,1,2,1,0,0.1715,0.231035,0.1715,0.231035,0.2,0.2,0.2,0.2,-0.1715,0.3,4,0.2
1,1,14,0,0,1,3,1,2,1,0,0.12005,0.231035,0.12005,0.231035,0.2,0.2,0.2,0.2,-0.12005,0.3,4,0.2
1,1,15,0,0,1,3,3,1,0,0,0.231035,0.084035,0.084035,0.231035,0.2,0.2,0.2,0.2,-0.231035,0.3,4,0.2
1,1,16,0,0,2,3,3,1,0,0,0.1617245,0.12005,0.12005,0.1617245,0.2,0.2,0.2,0.2,-0.1617245,0.3,4,0.2
1,1,17,0,0,2,3,2,2,1,1,0.12005,0.11320715,0.12005,0.11320715,0.2,0.2,0.2,0.2,0.87995,0.3,4,0.2
1,1,18,0,0,1,3,1,2,1,0,0.084035,0.11320715,0.084035,0.11320715,0.2,0.2,0.2,0.2,-0.084035,0.3,4,0.2
1,1,19,0,0,2,1,2,2,1,0,0.384035,0.0588245,0.384035,0.0588245,0.2,0.2,0.2,0.2,-0.384035,0.3,4,0.2
1,1,20,0,0,1,2,2,1,0,0,0.2688245,0.0588245,0.0588245,0.2688245,0.2,0.2,0.2,0.2,-0.2688245,0.3,4,0.2
1,1,21,0,0,1,3,1,2,1,0,0.0588245,0.11320715,0.0588245,0.11320715,0.2,0.2,0.2,0.2,-0.0588245,0.3,4,0.2
1,1,22,0,0,2,3,2,2,1,0,0.18817715,0.11320715,0.18817715,0.11320715,0.2,0.2,0.2,0.2,-0.18817715,0.3,4,0.2
1,1,23,0,0,3,1,1,1,0,0,0.04117715,0.11320715,0.11320715,0.04117715,0.2,0.2,0.2,0.2,-0.04117715,0.3,4,0.2
1,1,24,0,0,1,3,3,1,0,0,0.11320715,0.028824005,0.028824005,0.11320715,0.2,0.2,0.2,0.2,-0.11320715,0.3,4,0.2
1,1,25,0,0,2,1,2,2,1,0,0.131724005,0.028824005,0.131724005,0.028824005,0.2,0.2,0.2,0.2,-0.131724005,0.3,4,0.2
1,2,1,1,0,3,1,3,2,1,1,0.079245005,0.028824005,0.079245005,0.028824005,0.2,0.2,0.2,0.2,0.920754995,0.3,4,0.2
1,2,2,0,0,3,2,2,1,0,0,0.0922068035,0.3554715035,0.3554715035,0.0922068035,0.2,0.2,0.2,0.2,-0.0922068035,0.3,4,0.2
1,2,3,0,0,2,3,3,1,0,0,0.3554715035,0.06454476245,0.06454476245,0.3554715035,0.2,0.2,0.2,0.2,-0.3554715035,0.3,4,0.2
1,2,4,0,0,2,3,3,1,0,0,0.24883005245,0.06454476245,0.06454476245,0.24883005245,0.2,0.2,0.2,0.2,-0.24883005245,0.3,4,0.2
1,2,5,0,0,2,3,3,1,0,1,0.174181036715,0.06454476245,0.06454476245,0.174181036715,0.2,0.2,0.2,0.2,0.825818963285,0.3,4,0.2
1,2,6,0,0,2,3,3,1,0,0,0.4219267257005,0.06454476245,0.06454476245,0.4219267257005,0.2,0.2,0.2,0.2,-0.4219267257005,0.3,4,0.2
1,2,7,0,0,2,1,1,1,0,0,0.028824005,0.06454476245,0.06454476245,0.028824005,0.2,0.2,0.2,0.2,-0.028824005,0.3,4,0.2
1,2,8,0,0,3,1,3,2,1,0,0.29534870799035,0.0201768035,0.29534870799035,0.0201768035,0.2,0.2,0.2,0.2,-0.29534870799035,0.3,4,0.2
1,2,9,0,0,3,1,3,2,1,0,0.206744095593245,0.0201768035,0.206744095593245,0.0201768035,0.2,0.2,0.2,0.2,-0.206744095593245,0.3,4,0.2
1,2,10,0,0,2,1,2,2,1,0,0.06454476245,0.0201768035,0.06454476245,0.0201768035,0.2,0.2,0.2,0.2,-0.06454476245,0.3,4,0.2
1,2,11,0,0,3,1,1,1,0,1,0.0201768035,0.144720866915272,0.144720866915272,0.0201768035,0.2,0.2,0.2,0.2,0.9798231965,0.3,4,0.2
1,2,12,0,0,3,2,3,2,1,0,0.144720866915272,0.045181333715,0.144720866915272,0.045181333715,0.2,0.2,0.2,0.2,-0.144720866915272,0.3,4,0.2
1,2,13,0,0,1,3,1,2,1,0,0.31412376245,0.10130460684069,0.31412376245,0.10130460684069,0.2,0.2,0.2,0.2,-0.31412376245,0.3,4,0.2
1,2,14,0,0,3,2,3,2,1,0,0.10130460684069,0.045181333715,0.10130460684069,0.045181333715,0.2,0.2,0.2,0.2,-0.10130460684069,0.3,4,0.2
1,2,15,0,0,1,2,1,2,1,0,0.219886633715,0.045181333715,0.219886633715,0.045181333715,0.2,0.2,0.2,0.2,-0.219886633715,0.3,4,0.2
1,2,16,0,0,1,3,1,2,1,0,0.1539206436005,0.0709132247884831,0.1539206436005,0.0709132247884831,0.2,0.2,0.2,0.2,-0.1539206436005,0.3,4,0.2
1,2,17,0,0,2,1,1,1,0,0,0.10774445052035,0.045181333715,0.045181333715,0.10774445052035,0.2,0.2,0.2,0.2,-0.10774445052035,0.3,4,0.2
1,2,18,0,0,3,2,2,1,0,0,0.045181333715,0.0709132247884831,0.0709132247884831,0.045181333715,0.2,0.2,0.2,0.2,-0.045181333715,0.3,4,0.2
1,2,19,0,0,1,3,1,2,1,0,0.075421115364245,0.0709132247884831,0.075421115364245,0.0709132247884831,0.2,0.2,0.2,0.2,-0.075421115364245,0.3,4,0.2
1,2,20,0,0,1,3,1,2,1,0,0.0527947807549715,0.0709132247884831,0.0527947807549715,0.0709132247884831,0.2,0.2,0.2,0.2,-0.0527947807549715,0.3,4,0.2
1,2,21,0,0,1,3,1,2,1,0,0.0369563465284801,0.0709132247884831,0.0369563465284801,0.0709132247884831,0.2,0.2,0.2,0.2,-0.0369563465284801,0.3,4,0.2
1,2,22,0,0,1,3,3,1,0,0,0.0709132247884831,0.025869442569936,0.025869442569936,0.0709132247884831,0.2,0.2,0.2,0.2,-0.0709132247884831,0.3,4,0.2
1,2,23,0,0,3,2,2,1,0,0,0.0316269336005,0.0496392573519381,0.0496392573519381,0.0316269336005,0.2,0.2,0.2,0.2,-0.0316269336005,0.3,4,0.2
1,2,24,0,0,3,1,3,2,1,0,0.0496392573519381,0.025869442569936,0.0496392573519381,0.025869442569936,0.2,0.2,0.2,0.2,-0.0496392573519381,0.3,4,0.2
1,2,25,0,0,3,1,1,1,0,0,0.025869442569936,0.0347474801463567,0.0347474801463567,0.025869442569936,0.2,0.2,0.2,0.2,-0.025869442569936,0.3,4,0.2
1,3,1,1,0,3,2,3,2,1,0,0.0347474801463567,0.02213885352035,0.0347474801463567,0.02213885352035,0.2,0.2,0.2,0.2,-0.0347474801463567,0.3,4,0.2
1,3,2,0,0,1,3,3,1,0,1,0.0243232361024497,0.0181086097989552,0.0181086097989552,0.0243232361024497,0.2,0.2,0.2,0.2,0.97567676389755,0.3,4,0.2
1,3,3,0,0,3,1,1,1,0,0,0.0181086097989552,0.317026265271715,0.317026265271715,0.0181086097989552,0.2,0.2,0.2,0.2,-0.0181086097989552,0.3,4,0.2
1,3,4,0,0,3,1,3,2,1,0,0.317026265271715,0.0126760268592687,0.317026265271715,0.0126760268592687,0.2,0.2,0.2,0.2,-0.317026265271715,0.3,4,0.2
1,3,5,0,0,3,2,2,1,0,0,0.02213885352035,0.2219183856902,0.2219183856902,0.02213885352035,0.2,0.2,0.2,0.2,-0.02213885352035,0.3,4,0.2
1,3,6,0,0,2,3,2,2,1,0,0.015497197464245,0.2219183856902,0.015497197464245,0.2219183856902,0.2,0.2,0.2,0.2,-0.015497197464245,0.3,4,0.2
1,3,7,0,0,2,3,3,1,0,0,0.2219183856902,0.0108480382249715,0.0108480382249715,0.2219183856902,0.2,0.2,0.2,0.2,-0.2219183856902,0.3,4,0.2
1,3,8,0,0,2,3,3,1,0,1,0.15534286998314,0.0108480382249715,0.0108480382249715,0.15534286998314,0.2,0.2,0.2,0.2,0.84465713001686,0.3,4,0.2
1,3,9,0,0,1,2,2,1,0,0,0.0108480382249715,0.0126760268592687,0.0126760268592687,0.0108480382249715,0.2,0.2,0.2,0.2,-0.0108480382249715,0.3,4,0.2
1,3,10,0,0,3,2,2,1,0,0,0.00759362675748005,0.408740008988198,0.408740008988198,0.00759362675748005,0.2,0.2,0.2,0.2,-0.00759362675748005,0.3,4,0.2
1,3,11,0,0,1,3,3,1,0,0,0.408740008988198,0.0126760268592687,0.0126760268592687,0.408740008988198,0.2,0.2,0.2,0.2,-0.408740008988198,0.3,4,0.2
1,3,12,0,0,1,2,2,1,0,1,0.00531553873023603,0.0126760268592687,0.0126760268592687,0.00531553873023603,0.2,0.2,0.2,0.2,0.994684461269764,0.3,4,0.2
1,3,13,0,0,3,1,3,2,1,0,0.286118006291739,0.0126760268592687,0.286118006291739,0.0126760268592687,0.2,0.2,0.2,0.2,-0.286118006291739,0.3,4,0.2
1,3,14,0,0,2,1,1,1,0,0,0.0126760268592687,0.303720877111165,0.303720877111165,0.0126760268592687,0.2,0.2,0.2,0.2,-0.0126760268592687,0.3,4,0.2
1,3,15,0,0,3,2,3,2,1,1,0.200282604404217,0.303720877111165,0.200282604404217,0.303720877111165,0.2,0.2,0.2,0.2,0.799717395595783,0.3,4,0.2
1,3,16,0,0,2,1,1,1,0,1,0.00887321880148806,0.303720877111165,0.303720877111165,0.00887321880148806,0.2,0.2,0.2,0.2,0.991126781198512,0.3,4,0.2
1,3,17,0,0,2,1,2,2,1,0,0.303720877111165,0.306211253161042,0.303720877111165,0.306211253161042,0.2,0.2,0.2,0.2,-0.303720877111165,0.3,4,0.2
1,3,18,0,0,2,3,3,1,0,1,0.440197823082952,0.212604613977816,0.212604613977816,0.440197823082952,0.2,0.2,0.2,0.2,0.559802176917048,0.3,4,0.2
1,3,19,0,0,2,1,2,2,1,0,0.212604613977816,0.306211253161042,0.212604613977816,0.306211253161042,0.2,0.2,0.2,0.2,-0.212604613977816,0.3,4,0.2
1,3,20,0,0,3,1,3,2,1,0,0.608138476158066,0.306211253161042,0.608138476158066,0.306211253161042,0.2,0.2,0.2,0.2,-0.608138476158066,0.3,4,0.2
1,3,21,0,0,2,1,1,1,0,0,0.306211253161042,0.148823229784471,0.148823229784471,0.306211253161042,0.2,0.2,0.2,0.2,-0.306211253161042,0.3,4,0.2
1,3,22,0,0,1,2,1,2,1,0,0.214347877212729,0.148823229784471,0.214347877212729,0.148823229784471,0.2,0.2,0.2,0.2,-0.214347877212729,0.3,4,0.2
1,3,23,0,0,3,1,3,2,1,0,0.425696933310647,0.15004351404891,0.425696933310647,0.15004351404891,0.2,0.2,0.2,0.2,-0.425696933310647,0.3,4,0.2
1,3,24,0,0,3,2,3,2,1,0,0.297987853317453,0.148823229784471,0.297987853317453,0.148823229784471,0.2,0.2,0.2,0.2,-0.297987853317453,0.3,4,0.2
1,3,25,0,0,1,2,1,2,1,0,0.15004351404891,0.148823229784471,0.15004351404891,0.148823229784471,0.2,0.2,0.2,0.2,-0.15004351404891,0.3,4,0.2
1,4,1,1,0,3,1,1,1,0,0,0.105030459834237,0.208591497322217,0.208591497322217,0.105030459834237,0.2,0.2,0.2,0.2,-0.105030459834237,0.3,4,0.2
1,4,2,0,0,3,1,3,2,1,0,0.208591497322217,0.0735213218839661,0.208591497322217,0.0735213218839661,0.2,0.2,0.2,0.2,-0.208591497322217,0.3,4,0.2
1,4,3,0,0,2,3,3,1,0,0,0.146014048125552,0.148823229784471,0.148823229784471,0.146014048125552,0.2,0.2,0.2,0.2,-0.146014048125552,0.3,4,0.2
1,4,4,0,0,3,2,2,1,0,1,0.148823229784471,0.102209833687886,0.102209833687886,0.148823229784471,0.2,0.2,0.2,0.2,0.851176770215529,0.3,4,0.2
1,4,5,0,0,3,2,3,2,1,1,0.102209833687886,0.40417626084913,0.102209833687886,0.40417626084913,0.2,0.2,0.2,0.2,0.897790166312114,0.3,4,0.2
1,4,6,0,0,1,3,1,2,1,0,0.0735213218839661,0.37154688358152,0.0735213218839661,0.37154688358152,0.2,0.2,0.2,0.2,-0.0735213218839661,0.3,4,0.2
1,4,7,0,0,1,2,2,1,0,0,0.40417626084913,0.0514649253187763,0.0514649253187763,0.40417626084913,0.2,0.2,0.2,0.2,-0.40417626084913,0.3,4,0.2
1,4,8,0,0,1,3,3,1,0,0,0.37154688358152,0.0514649253187763,0.0514649253187763,0.37154688358152,0.2,0.2,0.2,0.2,-0.37154688358152,0.3,4,0.2
1,4,9,0,0,3,1,3,2,1,0,0.260082818507064,0.0514649253187763,0.260082818507064,0.0514649253187763,0.2,0.2,0.2,0.2,-0.260082818507064,0.3,4,0.2
1,4,10,0,0,2,3,2,2,1,0,0.282923382594391,0.182057972954945,0.282923382594391,0.182057972954945,0.2,0.2,0.2,0.2,-0.282923382594391,0.3,4,0.2
1,4,11,0,0,2,1,2,2,1,0,0.198046367816074,0.0514649253187763,0.198046367816074,0.0514649253187763,0.2,0.2,0.2,0.2,-0.198046367816074,0.3,4,0.2
1,4,12,0,0,2,3,3,1,0,0,0.182057972954945,0.138632457471251,0.138632457471251,0.182057972954945,0.2,0.2,0.2,0.2,-0.182057972954945,0.3,4,0.2
1,4,13,0,0,3,1,3,2,1,1,0.127440581068462,0.0514649253187763,0.127440581068462,0.0514649253187763,0.2,0.2,0.2,0.2,0.872559418931538,0.3,4,0.2
1,4,14,0,0,3,1,3,2,1,0,0.389208406747923,0.0514649253187763,0.389208406747923,0.0514649253187763,0.2,0.2,0.2,0.2,-0.389208406747923,0.3,4,0.2
1,4,15,0,0,1,2,2,1,0,0,0.138632457471251,0.0514649253187763,0.0514649253187763,0.138632457471251,0.2,0.2,0.2,0.2,-0.138632457471251,0.3,4,0.2
1,4,16,0,0,1,3,3,1,0,1,0.272445884723546,0.0514649253187763,0.0514649253187763,0.272445884723546,0.2,0.2,0.2,0.2,0.727554115276454,0.3,4,0.2
1,4,17,0,0,3,2,3,2,1,1,0.490712119306482,0.097042720229876,0.490712119306482,0.097042720229876,0.2,0.2,0.2,0.2,0.509287880693518,0.3,4,0.2
1,4,18,0,0,3,2,3,2,1,0,0.643498483514538,0.097042720229876,0.643498483514538,0.097042720229876,0.2,0.2,0.2,0.2,-0.643498483514538,0.3,4,0.2
1,4,19,0,0,3,2,2,1,0,0,0.097042720229876,0.450448938460176,0.450448938460176,0.097042720229876,0.2,0.2,0.2,0.2,-0.097042720229876,0.3,4,0.2
1,4,20,0,0,3,2,3,2,1,1,0.450448938460176,0.0679299041609132,0.450448938460176,0.0679299041609132,0.2,0.2,0.2,0.2,0.549551061539824,0.3,4,0.2
1,4,21,0,0,3,2,3,2,1,0,0.615314256922123,0.0679299041609132,0.615314256922123,0.0679299041609132,0.2,0.2,0.2,0.2,-0.615314256922123,0.3,4,0.2
1,4,22,0,0,2,1,2,2,1,0,0.0679299041609132,0.0514649253187763,0.0679299041609132,0.0514649253187763,0.2,0.2,0.2,0.2,-0.0679299041609132,0.3,4,0.2
1,4,23,0,0,1,2,2,1,0,1,0.0475509329126393,0.0514649253187763,0.0514649253187763,0.0475509329126393,0.2,0.2,0.2,0.2,0.952449067087361,0.3,4,0.2
1,4,24,0,0,1,3,3,1,0,0,0.430719979845486,0.0514649253187763,0.0514649253187763,0.430719979845486,0.2,0.2,0.2,0.2,-0.430719979845486,0.3,4,0.2
1,4,25,0,0,1,2,1,2,1,0,0.0514649253187763,0.333285653038847,0.0514649253187763,0.333285653038847,0.2,0.2,0.2,0.2,-0.0514649253187763,0.3,4,0.2
1,5,1,1,0,1,3,3,1,0,1,0.301503985891841,0.0360254477231434,0.0360254477231434,0.301503985891841,0.2,0.2,0.2,0.2,0.698496014108159,0.3,4,0.2
1,5,2,0,0,2,3,2,2,1,0,0.333285653038847,0.511052790124288,0.333285653038847,0.511052790124288,0.2,0.2,0.2,0.2,-0.333285653038847,0.3,4,0.2
1,5,3,0,0,2,1,2,2,1,0,0.233299957127193,0.0360254477231434,0.233299957127193,0.0360254477231434,0.2,0.2,0.2,0.2,-0.233299957127193,0.3,4,0.2
1,5,4,0,0,2,1,2,2,1,0,0.163309969989035,0.0360254477231434,0.163309969989035,0.0360254477231434,0.2,0.2,0.2,0.2,-0.163309969989035,0.3,4,0.2
1,5,5,0,0,1,2,2,1,0,0,0.114316978992325,0.0360254477231434,0.0360254477231434,0.114316978992325,0.2,0.2,0.2,0.2,-0.114316978992325,0.3,4,0.2
1,5,6,0,0,1,2,2,1,0,0,0.0800218852946273,0.0360254477231434,0.0360254477231434,0.0800218852946273,0.2,0.2,0.2,0.2,-0.0800218852946273,0.3,4,0.2
1,5,7,0,0,3,2,3,2,1,0,0.511052790124288,0.0560153197062391,0.511052790124288,0.0560153197062391,0.2,0.2,0.2,0.2,-0.511052790124288,0.3,4,0.2
1,5,8,0,0,3,1,1,1,0,0,0.0360254477231434,0.357736953087002,0.357736953087002,0.0360254477231434,0.2,0.2,0.2,0.2,-0.0360254477231434,0.3,4,0.2
1,5,9,0,0,1,2,1,2,1,0,0.0252178134062004,0.0560153197062391,0.0252178134062004,0.0560153197062391,0.2,0.2,0.2,0.2,-0.0252178134062004,0.3,4,0.2
1,5,10,0,0,1,2,2,1,0,0,0.0560153197062391,0.0176524693843403,0.0176524693843403,0.0560153197062391,0.2,0.2,0.2,0.2,-0.0560153197062391,0.3,4,0.2
1,5,11,0,0,3,1,3,2,1,0,0.357736953087002,0.0176524693843403,0.357736953087002,0.0176524693843403,0.2,0.2,0.2,0.2,-0.357736953087002,0.3,4,0.2
1,5,12,0,0,1,3,3,1,0,0,0.250415867160901,0.0176524693843403,0.0176524693843403,0.250415867160901,0.2,0.2,0.2,0.2,-0.250415867160901,0.3,4,0.2
1,5,13,0,0,1,3,3,1,0,0,0.175291107012631,0.0176524693843403,0.0176524693843403,0.175291107012631,0.2,0.2,0.2,0.2,-0.175291107012631,0.3,4,0.2
1,5,14,0,0,1,2,2,1,0,0,0.0392107237943674,0.0176524693843403,0.0176524693843403,0.0392107237943674,0.2,0.2,0.2,0.2,-0.0392107237943674,0.3,4,0.2
1,5,15,0,0,2,1,1,1,0,0,0.0176524693843403,0.0274475066560572,0.0274475066560572,0.0176524693843403,0.2,0.2,0.2,0.2,-0.0176524693843403,0.3,4,0.2
1,5,16,0,0,3,2,2,1,0,0,0.0274475066560572,0.122703774908842,0.122703774908842,0.0274475066560572,0.2,0.2,0.2,0.2,-0.0274475066560572,0.3,4,0.2
1,5,17,0,0,2,3,3,1,0,1,0.122703774908842,0.01921325465924,0.01921325465924,0.122703774908842,0.2,0.2,0.2,0.2,0.877296225091158,0.3,4,0.2
1,5,18,0,0,1,2,2,1,0,0,0.01921325465924,0.0123567285690382,0.0123567285690382,0.01921325465924,0.2,0.2,0.2,0.2,-0.01921325465924,0.3,4,0.2
1,5,19,0,0,2,3,2,2,1,0,0.013449278261468,0.385892642436189,0.013449278261468,0.385892642436189,0.2,0.2,0.2,0.2,-0.013449278261468,0.3,4,0.2
1,5,20,0,0,2,3,3,1,0,0,0.385892642436189,0.00941449478302761,0.00941449478302761,0.385892642436189,0.2,0.2,0.2,0.2,-0.385892642436189,0.3,4,0.2
1,5,21,0,0,1,2,2,1,0,0,0.00941449478302761,0.0123567285690382,0.0123567285690382,0.00941449478302761,0.2,0.2,0.2,0.2,-0.00941449478302761,0.3,4,0.2
1,5,22,0,0,2,3,3,1,0,1,0.270124849705332,0.00659014634811933,0.00659014634811933,0.270124849705332,0.2,0.2,0.2,0.2,0.729875150294668,0.3,4,0.2
1,5,23,0,0,3,1,3,2,1,0,0.489087394793733,0.0123567285690382,0.489087394793733,0.0123567285690382,0.2,0.2,0.2,0.2,-0.489087394793733,0.3,4,0.2
1,5,24,0,0,1,3,3,1,0,0,0.342361176355613,0.0123567285690382,0.0123567285690382,0.342361176355613,0.2,0.2,0.2,0.2,-0.342361176355613,0.3,4,0.2
1,5,25,0,0,1,2,2,1,0,0,0.00659014634811933,0.0123567285690382,0.0123567285690382,0.00659014634811933,0.2,0.2,0.2,0.2,-0.00659014634811933,0.3,4,0.2
1,6,1,1,0,3,2,3,2,1,0,0.239652823448929,0.00461310244368353,0.239652823448929,0.00461310244368353,0.2,0.2,0.2,0.2,-0.239652823448929,0.3,4,0.2
1,6,2,0,0,3,1,3,2,1,0,0.16775697641425,0.0123567285690382,0.16775697641425,0.0123567285690382,0.2,0.2,0.2,0.2,-0.16775697641425,0.3,4,0.2
1,6,3,0,0,2,1,2,2,1,0,0.00461310244368353,0.0123567285690382,0.00461310244368353,0.0123567285690382,0.2,0.2,0.2,0.2,-0.00461310244368353,0.3,4,0.2
1,6,4,0,0,1,2,1,2,1,0,0.0123567285690382,0.00322917171057847,0.0123567285690382,0.00322917171057847,0.2,0.2,0.2,0.2,-0.0123567285690382,0.3,4,0.2
1,6,5,0,0,3,1,3,2,1,0,0.117429883489975,0.00864970999832673,0.117429883489975,0.00864970999832673,0.2,0.2,0.2,0.2,-0.117429883489975,0.3,4,0.2
1,6,6,0,0,2,3,3,1,0,0,0.0822009184429827,0.00322917171057847,0.00322917171057847,0.0822009184429827,0.2,0.2,0.2,0.2,-0.0822009184429827,0.3,4,0.2
1,6,7,0,0,3,1,3,2,1,0,0.0575406429100879,0.00864970999832673,0.0575406429100879,0.00864970999832673,0.2,0.2,0.2,0.2,-0.0575406429100879,0.3,4,0.2
1,6,8,0,0,1,2,2,1,0,0,0.00322917171057847,0.00864970999832673,0.00864970999832673,0.00322917171057847,0.2,0.2,0.2,0.2,-0.00322917171057847,0.3,4,0.2
1,6,9,0,0,1,3,3,1,0,1,0.0402784500370615,0.00864970999832673,0.00864970999832673,0.0402784500370615,0.2,0.2,0.2,0.2,0.959721549962938,0.3,4,0.2
1,6,10,0,0,2,3,3,1,0,0,0.328194915025943,0.00226042019740493,0.00226042019740493,0.328194915025943,0.2,0.2,0.2,0.2,-0.328194915025943,0.3,4,0.2
1,6,11,0,0,2,3,3,1,0,0,0.22973644051816,0.00226042019740493,0.00226042019740493,0.22973644051816,0.2,0.2,0.2,0.2,-0.22973644051816,0.3,4,0.2
1,6,12,0,0,3,2,3,2,1,0,0.160815508362712,0.00226042019740493,0.160815508362712,0.00226042019740493,0.2,0.2,0.2,0.2,-0.160815508362712,0.3,4,0.2
1,6,13,0,0,2,1,2,2,1,0,0.00226042019740493,0.00864970999832673,0.00226042019740493,0.00864970999832673,0.2,0.2,0.2,0.2,-0.00226042019740493,0.3,4,0.2
1,6,14,0,0,3,2,3,2,1,1,0.112570855853898,0.00158229413818345,0.112570855853898,0.00158229413818345,0.2,0.2,0.2,0.2,0.887429144146102,0.3,4,0.2
1,6,15,0,0,2,3,2,2,1,0,0.00158229413818345,0.378799599097729,0.00158229413818345,0.378799599097729,0.2,0.2,0.2,0.2,-0.00158229413818345,0.3,4,0.2
1,6,16,0,0,1,2,2,1,0,0,0.00110760589672842,0.00864970999832673,0.00864970999832673,0.00110760589672842,0.2,0.2,0.2,0.2,-0.00110760589672842,0.3,4,0.2
1,6,17,0,0,2,3,3,1,0,0,0.378799599097729,0.000775324127709891,0.000775324127709891,0.378799599097729,0.2,0.2,0.2,0.2,-0.378799599097729,0.3,4,0.2
1,6,18,0,0,3,1,3,2,1,1,0.26515971936841,0.00864970999832673,0.26515971936841,0.00864970999832673,0.2,0.2,0.2,0.2,0.73484028063159,0.3,4,0.2
1,6,19,0,0,1,3,3,1,0,1,0.485611803557887,0.00864970999832673,0.00864970999832673,0.485611803557887,0.2,0.2,0.2,0.2,0.514388196442113,0.3,4,0.2
1,6,20,0,0,2,3,3,1,0,0,0.639928262490521,0.000775324127709891,0.000775324127709891,0.639928262490521,0.2,0.2,0.2,0.2,-0.639928262490521,0.3,4,0.2
1,6,21,0,0,2,3,3,1,0,0,0.447949783743365,0.000775324127709891,0.000775324127709891,0.447949783743365,0.2,0.2,0.2,0.2,-0.447949783743365,0.3,4,0.2
1,6,22,0,0,3,2,2,1,0,0,0.000775324127709891,0.313564848620355,0.313564848620355,0.000775324127709891,0.2,0.2,0.2,0.2,-0.000775324127709891,0.3,4,0.2
1,6,23,0,0,3,1,3,2,1,0,0.313564848620355,0.00864970999832673,0.313564848620355,0.00864970999832673,0.2,0.2,0.2,0.2,-0.313564848620355,0.3,4,0.2
1,6,24,0,0,1,2,1,2,1,1,0.00864970999832673,0.000542726889396923,0.00864970999832673,0.000542726889396923,0.2,0.2,0.2,0.2,0.991350290001673,0.3,4,0.2
1,6,25,0,0,2,3,3,1,0,0,0.219495394034249,0.000542726889396923,0.000542726889396923,0.219495394034249,0.2,0.2,0.2,0.2,-0.219495394034249,0.3,4,0.2
1,1,1,1,1,2,1,2,2,1,1,0.5,0.5,0.5,0.5,0.5,0.5,0.5,0.5,0.5,0.3,4,0.5
1,1,2,0,0,2,3,2,2,1,1,0.65,0.5,0.65,0.5,0.5,0.5,0.5,0.5,0.35,0.3,4,0.5
1,1,3,0,0,1,2,2,1,0,1,0.755,0.5,0.5,0.755,0.5,0.5,0.5,0.5,0.245,0.3,4,0.5
1,1,4,0,0,2,1,1,1,0,1,0.5,0.8285,0.8285,0.5,0.5,0.5,0.5,0.5,0.5,0.3,4,0.5
1,1,5,0,0,1,3,1,2,1,1,0.65,0.5,0.65,0.5,0.5,0.5,0.5,0.5,0.35,0.3,4,0.5
1,1,6,0,0,1,3,3,1,0,0,0.5,0.755,0.755,0.5,0.5,0.5,0.5,0.5,-0.5,0.3,4,0.5
1,1,7,0,0,2,1,1,1,0,1,0.755,0.8285,0.8285,0.755,0.5,0.5,0.5,0.5,0.245,0.3,4,0.5
1,1,8,0,0,1,2,2,1,0,0,0.8285,0.8285,0.8285,0.8285,0.5,0.5,0.5,0.5,-0.8285,0.3,4,0.5
1,1,9,0,0,3,2,2,1,0,1,0.57995,0.35,0.35,0.57995,0.5,0.5,0.5,0.5,0.42005,0.3,4,0.5
1,1,10,0,0,3,2,2,1,0,0,0.705965,0.35,0.35,0.705965,0.5,0.5,0.5,0.5,-0.705965,0.3,4,0.5
1,1,11,0,0,1,2,1,2,1,1,0.8285,0.4941755,0.8285,0.4941755,0.5,0.5,0.5,0.5,0.1715,0.3,4,0.5
1,1,12,0,0,1,2,2,1,0,0,0.4941755,0.87995,0.87995,0.4941755,0.5,0.5,0.5,0.5,-0.4941755,0.3,4,0.5
1,1,13,0,0,1,3,1,2,1,0,0.87995,0.35,0.87995,0.35,0.5,0.5,0.5,0.5,-0.87995,0.3,4,0.5
1,1,14,0,0,1,2,2,1,0,0,0.34592285,0.615965,0.615965,0.34592285,0.5,0.5,0.5,0.5,-0.34592285,0.3,4,0.5
1,1,15,0,0,2,1,1,1,0,0,0.615965,0.242145995,0.242145995,0.615965,0.5,0.5,0.5,0.5,-0.615965,0.3,4,0.5
1,1,16,0,0,3,2,3,2,1,0,0.35,0.242145995,0.35,0.242145995,0.5,0.5,0.5,0.5,-0.35,0.3,4,0.5
1,1,17,0,0,1,2,1,2,1,0,0.4311755,0.242145995,0.4311755,0.242145995,0.5,0.5,0.5,0.5,-0.4311755,0.3,4,0.5
1,1,18,0,0,1,3,3,1,0,1,0.245,0.30182285,0.30182285,0.245,0.5,0.5,0.5,0.5,0.755,0.3,4,0.5
1,1,19,0,0,3,1,3,2,1,1,0.4715,0.30182285,0.4715,0.30182285,0.5,0.5,0.5,0.5,0.5285,0.3,4,0.5
1,1,20,0,0,3,1,3,2,1,1,0.63005,0.30182285,0.63005,0.30182285,0.5,0.5,0.5,0.5,0.36995,0.3,4,0.5
1,1,21,0,0,3,2,3,2,1,0,0.741035,0.242145995,0.741035,0.242145995,0.5,0.5,0.5,0.5,-0.741035,0.3,4,0.5
1,1,22,0,0,2,1,1,1,0,0,0.30182285,0.242145995,0.242145995,0.30182285,0.5,0.5,0.5,0.5,-0.30182285,0.3,4,0.5
1,1,23,0,0,3,2,3,2,1,1,0.5187245,0.242145995,0.5187245,0.242145995,0.5,0.5,0.5,0.5,0.4812755,0.3,4,0.5
1,1,24,0,0,2,1,1,1,0,0,0.211275995,0.242145995,0.242145995,0.211275995,0.5,0.5,0.5,0.5,-0.211275995,0.3,4,0.5
1,1,25,0,0,1,2,1,2,1,1,0.1478931965,0.242145995,0.1478931965,0.242145995,0.5,0.5,0.5,0.5,0.8521068035,0.3,4,0.5
1,2,1,1,0,1,3,3,1,0,1,0.66310715,0.40352523755,0.40352523755,0.66310715,0.5,0.5,0.5,0.5,0.33689285,0.3,4,0.5
1,2,2,0,0,1,3,1,2,1,0,0.40352523755,0.764175005,0.40352523755,0.764175005,0.5,0.5,0.5,0.5,-0.40352523755,0.3,4,0.5
1,2,3,0,0,1,2,1,2,1,1,0.282467666285,0.242145995,0.282467666285,0.242145995,0.5,0.5,0.5,0.5,0.717532333715,0.3,4,0.5
1,2,4,0,0,3,1,3,2,1,1,0.764175005,0.4977273663995,0.764175005,0.4977273663995,0.5,0.5,0.5,0.5,0.235824995,0.3,4,0.5
1,2,5,0,0,1,3,3,1,0,1,0.8349225035,0.4977273663995,0.4977273663995,0.8349225035,0.5,0.5,0.5,0.5,0.1650774965,0.3,4,0.5
1,2,6,0,0,3,1,1,1,0,1,0.4977273663995,0.88444575245,0.88444575245,0.4977273663995,0.5,0.5,0.5,0.5,0.5022726336005,0.3,4,0.5
1,2,7,0,0,1,2,1,2,1,1,0.64840915647965,0.242145995,0.64840915647965,0.242145995,0.5,0.5,0.5,0.5,0.35159084352035,0.3,4,0.5
1,2,8,0,0,3,2,3,2,1,1,0.88444575245,0.242145995,0.88444575245,0.242145995,0.5,0.5,0.5,0.5,0.11555424755,0.3,4,0.5
1,2,9,0,0,1,2,1,2,1,0,0.753886409535755,0.242145995,0.753886409535755,0.242145995,0.5,0.5,0.5,0.5,-0.753886409535755,0.3,4,0.5
1,2,10,0,0,3,2,3,2,1,0,0.919112026715,0.242145995,0.919112026715,0.242145995,0.5,0.5,0.5,0.5,-0.919112026715,0.3,4,0.5
1,2,11,0,0,3,1,1,1,0,0,0.527720486675028,0.6433784187005,0.6433784187005,0.527720486675028,0.5,0.5,0.5,0.5,-0.527720486675028,0.3,4,0.5
1,2,12,0,0,2,3,3,1,0,0,0.6433784187005,0.242145995,0.242145995,0.6433784187005,0.5,0.5,0.5,0.5,-0.6433784187005,0.3,4,0.5
1,2,13,0,0,2,1,1,1,0,1,0.36940434067252,0.242145995,0.242145995,0.36940434067252,0.5,0.5,0.5,0.5,0.63059565932748,0.3,4,0.5
1,2,14,0,0,3,2,3,2,1,1,0.45036489309035,0.242145995,0.45036489309035,0.242145995,0.5,0.5,0.5,0.5,0.54963510690965,0.3,4,0.5
1,2,15,0,0,2,3,3,1,0,1,0.615255425163245,0.242145995,0.242145995,0.615255425163245,0.5,0.5,0.5,0.5,0.384744574836755,0.3,4,0.5
1,2,16,0,0,1,3,1,2,1,1,0.558583038470764,0.730678797614272,0.558583038470764,0.730678797614272,0.5,0.5,0.5,0.5,0.441416961529236,0.3,4,0.5
1,2,17,0,0,1,2,1,2,1,1,0.691008126929535,0.242145995,0.691008126929535,0.242145995,0.5,0.5,0.5,0.5,0.308991873070465,0.3,4,0.5
1,2,18,0,0,2,1,1,1,0,1,0.783705688850674,0.242145995,0.242145995,0.783705688850674,0.5,0.5,0.5,0.5,0.216294311149326,0.3,4,0.5
1,2,19,0,0,2,3,3,1,0,1,0.730678797614272,0.242145995,0.242145995,0.730678797614272,0.5,0.5,0.5,0.5,0.269321202385728,0.3,4,0.5
1,2,20,0,0,3,2,3,2,1,1,0.81147515832999,0.242145995,0.81147515832999,0.242145995,0.5,0.5,0.5,0.5,0.18852484167001,0.3,4,0.5
1,2,21,0,0,1,3,3,1,0,0,0.868032610830993,0.848593982195472,0.848593982195472,0.868032610830993,0.5,0.5,0.5,0.5,-0.868032610830993,0.3,4,0.5
1,2,22,0,0,3,2,3,2,1,1,0.607622827581695,0.242145995,0.607622827581695,0.242145995,0.5,0.5,0.5,0.5,0.392377172418305,0.3,4,0.5
1,2,23,0,0,3,1,3,2,1,1,0.725335979307187,0.848593982195472,0.725335979307187,0.848593982195472,0.5,0.5,0.5,0.5,0.274664020692813,0.3,4,0.5
1,2,24,0,0,1,2,1,2,1,1,0.848593982195472,0.242145995,0.848593982195472,0.242145995,0.5,0.5,0.5,0.5,0.151406017804528,0.3,4,0.5
1,2,25,0,0,1,2,2,1,0,1,0.242145995,0.89401578753683,0.89401578753683,0.242145995,0.5,0.5,0.5,0.5,0.757854005,0.3,4,0.5
1,3,1,1,0,3,1,3,2,1,0,0.807735185515031,0.89401578753683,0.807735185515031,0.89401578753683,0.5,0.5,0.5,0.5,-0.807735185515031,0.3,4,0.5
1,3,2,0,0,2,3,2,2,1,1,0.4695021965,0.565414629860521,0.4695021965,0.565414629860521,0.5,0.5,0.5,0.5,0.5304978035,0.3,4,0.5
1,3,3,0,0,3,2,3,2,1,1,0.565414629860521,0.62865153755,0.565414629860521,0.62865153755,0.5,0.5,0.5,0.5,0.434585370139479,0.3,4,0.5
1,3,4,0,0,2,3,3,1,0,1,0.695790240902365,0.62865153755,0.62865153755,0.695790240902365,0.5,0.5,0.5,0.5,0.304209759097635,0.3,4,0.5
1,3,5,0,0,2,3,2,2,1,1,0.62865153755,0.787053168631656,0.62865153755,0.787053168631656,0.5,0.5,0.5,0.5,0.37134846245,0.3,4,0.5
1,3,6,0,0,3,1,1,1,0,1,0.89401578753683,0.787053168631656,0.787053168631656,0.89401578753683,0.5,0.5,0.5,0.5,0.10598421246317,0.3,4,0.5
1,3,7,0,0,1,3,1,2,1,0,0.925811051275781,0.787053168631656,0.925811051275781,0.787053168631656,0.5,0.5,0.5,0.5,-0.925811051275781,0.3,4,0.5
1,3,8,0,0,3,2,3,2,1,1,0.787053168631656,0.740056076285,0.787053168631656,0.740056076285,0.5,0.5,0.5,0.5,0.212946831368344,0.3,4,0.5
1,3,9,0,0,1,2,2,1,0,1,0.740056076285,0.648067735893047,0.648067735893047,0.740056076285,0.5,0.5,0.5,0.5,0.259943923715,0.3,4,0.5
1,3,10,0,0,3,2,2,1,0,1,0.8180392533995,0.850937218042159,0.850937218042159,0.8180392533995,0.5,0.5,0.5,0.5,0.1819607466005,0.3,4,0.5
1,3,11,0,0,1,2,1,2,1,0,0.648067735893047,0.87262747737965,0.648067735893047,0.87262747737965,0.5,0.5,0.5,0.5,-0.648067735893047,0.3,4,0.5
1,3,12,0,0,2,1,2,2,1,1,0.87262747737965,0.453647415125133,0.87262747737965,0.453647415125133,0.5,0.5,0.5,0.5,0.12737252262035,0.3,4,0.5
1,3,13,0,0,3,2,3,2,1,1,0.850937218042159,0.910839234165755,0.850937218042159,0.910839234165755,0.5,0.5,0.5,0.5,0.149062781957841,0.3,4,0.5
1,3,14,0,0,1,3,3,1,0,1,0.895656052629511,0.453647415125133,0.453647415125133,0.895656052629511,0.5,0.5,0.5,0.5,0.104343947370489,0.3,4,0.5
1,3,15,0,0,2,3,3,1,0,1,0.926959236840658,0.910839234165755,0.910839234165755,0.926959236840658,0.5,0.5,0.5,0.5,0.0730407631593422,0.3,4,0.5
1,3,16,0,0,2,1,1,1,0,0,0.453647415125133,0.910839234165755,0.910839234165755,0.453647415125133,0.5,0.5,0.5,0.5,-0.453647415125133,0.3,4,0.5
1,3,17,0,0,3,1,1,1,0,1,0.317553190587593,0.94887146578846,0.94887146578846,0.317553190587593,0.5,0.5,0.5,0.5,0.682446809412407,0.3,4,0.5
1,3,18,0,0,1,3,3,1,0,1,0.94887146578846,0.522287233411315,0.522287233411315,0.94887146578846,0.5,0.5,0.5,0.5,0.0511285342115395,0.3,4,0.5
1,3,19,0,0,2,1,2,2,1,1,0.910839234165755,0.522287233411315,0.910839234165755,0.522287233411315,0.5,0.5,0.5,0.5,0.089160765834245,0.3,4,0.5
1,3,20,0,0,2,3,3,1,0,0,0.964210026051922,0.937587463916028,0.937587463916028,0.964210026051922,0.5,0.5,0.5,0.5,-0.964210026051922,0.3,4,0.5
1,3,21,0,0,2,3,3,1,0,0,0.674947018236346,0.937587463916028,0.937587463916028,0.674947018236346,0.5,0.5,0.5,0.5,-0.674947018236346,0.3,4,0.5
1,3,22,0,0,1,3,3,1,0,1,0.472462912765442,0.522287233411315,0.522287233411315,0.472462912765442,0.5,0.5,0.5,0.5,0.527537087234558,0.3,4,0.5
1,3,23,0,0,3,1,3,2,1,0,0.630724038935809,0.522287233411315,0.630724038935809,0.522287233411315,0.5,0.5,0.5,0.5,-0.630724038935809,0.3,4,0.5
1,3,24,0,0,3,2,2,1,0,0,0.937587463916028,0.441506827255067,0.441506827255067,0.937587463916028,0.5,0.5,0.5,0.5,-0.937587463916028,0.3,4,0.5
1,3,25,0,0,3,1,1,1,0,1,0.522287233411315,0.441506827255067,0.441506827255067,0.522287233411315,0.5,0.5,0.5,0.5,0.477712766588685,0.3,4,0.5
1,4,1,1,0,2,3,2,2,1,0,0.65631122474122,0.441506827255067,0.65631122474122,0.441506827255067,0.5,0.5,0.5,0.5,-0.65631122474122,0.3,4,0.5
1,4,2,0,0,3,2,2,1,0,1,0.459417857318854,0.441506827255067,0.441506827255067,0.459417857318854,0.5,0.5,0.5,0.5,0.540582142681146,0.3,4,0.5
1,4,3,0,0,3,2,3,2,1,1,0.441506827255067,0.621592500123198,0.441506827255067,0.621592500123198,0.5,0.5,0.5,0.5,0.558493172744933,0.3,4,0.5
1,4,4,0,0,3,1,3,2,1,1,0.609054779078547,0.665601063387921,0.609054779078547,0.665601063387921,0.5,0.5,0.5,0.5,0.390945220921453,0.3,4,0.5
1,4,5,0,0,2,1,1,1,0,0,0.665601063387921,0.621592500123198,0.621592500123198,0.665601063387921,0.5,0.5,0.5,0.5,-0.665601063387921,0.3,4,0.5
1,4,6,0,0,2,1,2,2,1,0,0.621592500123198,0.465920744371544,0.621592500123198,0.465920744371544,0.5,0.5,0.5,0.5,-0.621592500123198,0.3,4,0.5
1,4,7,0,0,2,3,3,1,0,1,0.726338345354983,0.435114750086238,0.435114750086238,0.726338345354983,0.5,0.5,0.5,0.5,0.273661654645017,0.3,4,0.5
1,4,8,0,0,1,2,2,1,0,1,0.435114750086238,0.465920744371544,0.465920744371544,0.435114750086238,0.5,0.5,0.5,0.5,0.564885249913762,0.3,4,0.5
1,4,9,0,0,3,1,3,2,1,1,0.808436841748488,0.465920744371544,0.808436841748488,0.465920744371544,0.5,0.5,0.5,0.5,0.191563158251512,0.3,4,0.5
1,4,10,0,0,3,2,2,1,0,0,0.604580325060367,0.865905789223941,0.865905789223941,0.604580325060367,0.5,0.5,0.5,0.5,-0.604580325060367,0.3,4,0.5
1,4,11,0,0,1,3,3,1,0,1,0.865905789223941,0.465920744371544,0.465920744371544,0.865905789223941,0.5,0.5,0.5,0.5,0.134094210776059,0.3,4,0.5
1,4,12,0,0,3,2,3,2,1,1,0.906134052456759,0.423206227542257,0.906134052456759,0.423206227542257,0.5,0.5,0.5,0.5,0.093865947543241,0.3,4,0.5
1,4,13,0,0,3,2,3,2,1,1,0.934293836719731,0.423206227542257,0.934293836719731,0.423206227542257,0.5,0.5,0.5,0.5,0.0657061632802687,0.3,4,0.5
1,4,14,0,0,3,2,3,2,1,0,0.954005685703812,0.423206227542257,0.954005685703812,0.423206227542257,0.5,0.5,0.5,0.5,-0.954005685703812,0.3,4,0.5
1,4,15,0,0,2,3,2,2,1,1,0.423206227542257,0.667803979992668,0.423206227542257,0.667803979992668,0.5,0.5,0.5,0.5,0.576793772457743,0.3,4,0.5
1,4,16,0,0,1,3,3,1,0,0,0.667803979992668,0.465920744371544,0.465920744371544,0.667803979992668,0.5,0.5,0.5,0.5,-0.667803979992668,0.3,4,0.5
1,4,17,0,0,2,3,2,2,1,1,0.59624435927958,0.467462785994868,0.59624435927958,0.467462785994868,0.5,0.5,0.5,0.5,0.40375564072042,0.3,4,0.5
1,4,18,0,0,3,1,3,2,1,0,0.467462785994868,0.465920744371544,0.467462785994868,0.465920744371544,0.5,0.5,0.5,0.5,-0.467462785994868,0.3,4,0.5
1,4,19,0,0,3,2,2,1,0,0,0.717371051495706,0.327223950196408,0.327223950196408,0.717371051495706,0.5,0.5,0.5,0.5,-0.717371051495706,0.3,4,0.5
1,4,20,0,0,3,1,3,2,1,1,0.327223950196408,0.465920744371544,0.327223950196408,0.465920744371544,0.5,0.5,0.5,0.5,0.672776049803592,0.3,4,0.5
1,4,21,0,0,3,2,2,1,0,1,0.502159736046994,0.529056765137485,0.529056765137485,0.502159736046994,0.5,0.5,0.5,0.5,0.497840263953006,0.3,4,0.5
1,4,22,0,0,2,1,1,1,0,1,0.465920744371544,0.651511815232896,0.651511815232896,0.465920744371544,0.5,0.5,0.5,0.5,0.534079255628456,0.3,4,0.5
1,4,23,0,0,1,2,1,2,1,1,0.626144521060081,0.651511815232896,0.626144521060081,0.651511815232896,0.5,0.5,0.5,0.5,0.373855478939919,0.3,4,0.5
1,4,24,0,0,3,2,2,1,0,1,0.651511815232896,0.529056765137485,0.529056765137485,0.651511815232896,0.5,0.5,0.5,0.5,0.348488184767104,0.3,4,0.5
1,4,25,0,0,3,1,1,1,0,1,0.738301164742057,0.529056765137485,0.529056765137485,0.738301164742057,0.5,0.5,0.5,0.5,0.261698835257943,0.3,4,0.5
1,5,1,1,0,2,3,2,2,1,0,0.756058270663027,0.529056765137485,0.756058270663027,0.529056765137485,0.5,0.5,0.5,0.5,-0.756058270663027,0.3,4,0.5
1,5,2,0,0,2,1,1,1,0,0,0.81681081531944,0.529240789464119,0.529240789464119,0.81681081531944,0.5,0.5,0.5,0.5,-0.81681081531944,0.3,4,0.5
1,5,3,0,0,2,3,2,2,1,1,0.529240789464119,0.529056765137485,0.529240789464119,0.529056765137485,0.5,0.5,0.5,0.5,0.470759210535881,0.3,4,0.5
1,5,4,0,0,1,2,1,2,1,0,0.571767570723608,0.670468552624883,0.571767570723608,0.670468552624883,0.5,0.5,0.5,0.5,-0.571767570723608,0.3,4,0.5
1,5,5,0,0,3,1,3,2,1,0,0.529056765137485,0.400237299506526,0.529056765137485,0.400237299506526,0.5,0.5,0.5,0.5,-0.529056765137485,0.3,4,0.5
1,5,6,0,0,1,2,2,1,0,0,0.670468552624883,0.400237299506526,0.400237299506526,0.670468552624883,0.5,0.5,0.5,0.5,-0.670468552624883,0.3,4,0.5
1,5,7,0,0,3,2,2,1,0,0,0.469327986837418,0.37033973559624,0.37033973559624,0.469327986837418,0.5,0.5,0.5,0.5,-0.469327986837418,0.3,4,0.5
1,5,8,0,0,2,1,1,1,0,0,0.400237299506526,0.328529590786193,0.328529590786193,0.400237299506526,0.5,0.5,0.5,0.5,-0.400237299506526,0.3,4,0.5
1,5,9,0,0,3,1,1,1,0,0,0.280166109654568,0.37033973559624,0.37033973559624,0.280166109654568,0.5,0.5,0.5,0.5,-0.280166109654568,0.3,4,0.5
1,5,10,0,0,1,2,1,2,1,0,0.196116276758198,0.328529590786193,0.196116276758198,0.328529590786193,0.5,0.5,0.5,0.5,-0.196116276758198,0.3,4,0.5
1,5,11,0,0,2,1,2,2,1,1,0.328529590786193,0.137281393730738,0.328529590786193,0.137281393730738,0.5,0.5,0.5,0.5,0.671470409213807,0.3,4,0.5
1,5,12,0,0,1,2,2,1,0,1,0.529970713550335,0.137281393730738,0.137281393730738,0.529970713550335,0.5,0.5,0.5,0.5,0.470029286449665,0.3,4,0.5
1,5,13,0,0,1,2,2,1,0,0,0.670979499485234,0.137281393730738,0.137281393730738,0.670979499485234,0.5,0.5,0.5,0.5,-0.670979499485234,0.3,4,0.5
1,5,14,0,0,1,3,1,2,1,0,0.137281393730738,0.37033973559624,0.137281393730738,0.37033973559624,0.5,0.5,0.5,0.5,-0.137281393730738,0.3,4,0.5
1,5,15,0,0,3,2,2,1,0,1,0.469685649639664,0.37033973559624,0.37033973559624,0.469685649639664,0.5,0.5,0.5,0.5,0.530314350360336,0.3,4,0.5
1,5,16,0,0,1,2,2,1,0,1,0.628779954747765,0.0960969756115168,0.0960969756115168,0.628779954747765,0.5,0.5,0.5,0.5,0.371220045252235,0.3,4,0.5
1,5,17,0,0,2,1,2,2,1,0,0.740145968323435,0.0960969756115168,0.740145968323435,0.0960969756115168,0.5,0.5,0.5,0.5,-0.740145968323435,0.3,4,0.5
1,5,18,0,0,3,1,3,2,1,0,0.37033973559624,0.0960969756115168,0.37033973559624,0.0960969756115168,0.5,0.5,0.5,0.5,-0.37033973559624,0.3,4,0.5
1,5,19,0,0,3,1,3,2,1,1,0.259237814917368,0.0960969756115168,0.259237814917368,0.0960969756115168,0.5,0.5,0.5,0.5,0.740762185082632,0.3,4,0.5
1,5,20,0,0,2,3,2,2,1,0,0.518102177826405,0.481466470442157,0.518102177826405,0.481466470442157,0.5,0.5,0.5,0.5,-0.518102177826405,0.3,4,0.5
1,5,21,0,0,2,1,2,2,1,1,0.362671524478483,0.0960969756115168,0.362671524478483,0.0960969756115168,0.5,0.5,0.5,0.5,0.637328475521517,0.3,4,0.5
1,5,22,0,0,2,1,1,1,0,1,0.0960969756115168,0.553870067134938,0.553870067134938,0.0960969756115168,0.5,0.5,0.5,0.5,0.903903024388483,0.3,4,0.5
1,5,23,0,0,3,1,3,2,1,0,0.481466470442157,0.367267882928062,0.481466470442157,0.367267882928062,0.5,0.5,0.5,0.5,-0.481466470442157,0.3,4,0.5
1,5,24,0,0,2,1,2,2,1,0,0.553870067134938,0.367267882928062,0.553870067134938,0.367267882928062,0.5,0.5,0.5,0.5,-0.553870067134938,0.3,4,0.5
1,5,25,0,0,1,3,3,1,0,1,0.33702652930951,0.367267882928062,0.367267882928062,0.33702652930951,0.5,0.5,0.5,0.5,0.66297347069049,0.3,4,0.5
1,6,1,1,0,2,1,2,2,1,0,0.387709046994457,0.367267882928062,0.387709046994457,0.367267882928062,0.5,0.5,0.5,0.5,-0.387709046994457,0.3,4,0.5
1,6,2,0,0,3,2,3,2,1,1,0.535918570516657,0.27139633289612,0.535918570516657,0.27139633289612,0.5,0.5,0.5,0.5,0.464081429483343,0.3,4,0.5
1,6,3,0,0,3,1,3,2,1,0,0.67514299936166,0.367267882928062,0.67514299936166,0.367267882928062,0.5,0.5,0.5,0.5,-0.67514299936166,0.3,4,0.5
1,6,4,0,0,3,1,3,2,1,0,0.472600099553162,0.367267882928062,0.472600099553162,0.367267882928062,0.5,0.5,0.5,0.5,-0.472600099553162,0.3,4,0.5
1,6,5,0,0,3,1,3,2,1,1,0.330820069687213,0.367267882928062,0.330820069687213,0.367267882928062,0.5,0.5,0.5,0.5,0.669179930312787,0.3,4,0.5
1,6,6,0,0,1,3,3,1,0,1,0.531574048781049,0.367267882928062,0.367267882928062,0.531574048781049,0.5,0.5,0.5,0.5,0.468425951218951,0.3,4,0.5
1,6,7,0,0,1,2,1,2,1,1,0.367267882928062,0.27139633289612,0.367267882928062,0.27139633289612,0.5,0.5,0.5,0.5,0.632732117071938,0.3,4,0.5
1,6,8,0,0,3,1,1,1,0,1,0.557087518049643,0.672101834146735,0.672101834146735,0.557087518049643,0.5,0.5,0.5,0.5,0.442912481950357,0.3,4,0.5
1,6,9,0,0,2,3,3,1,0,0,0.672101834146735,0.27139633289612,0.27139633289612,0.672101834146735,0.5,0.5,0.5,0.5,-0.672101834146735,0.3,4,0.5
1,6,10,0,0,2,3,2,2,1,1,0.27139633289612,0.470471283902714,0.27139633289612,0.470471283902714,0.5,0.5,0.5,0.5,0.72860366710388,0.3,4,0.5
1,6,11,0,0,2,1,1,1,0,0,0.68996126263475,0.489977433027284,0.489977433027284,0.68996126263475,0.5,0.5,0.5,0.5,-0.68996126263475,0.3,4,0.5
1,6,12,0,0,2,1,1,1,0,0,0.482972883844325,0.489977433027284,0.489977433027284,0.482972883844325,0.5,0.5,0.5,0.5,-0.482972883844325,0.3,4,0.5
1,6,13,0,0,3,2,3,2,1,0,0.470471283902714,0.489977433027284,0.470471283902714,0.489977433027284,0.5,0.5,0.5,0.5,-0.470471283902714,0.3,4,0.5
1,6,14,0,0,2,3,3,1,0,0,0.3293298987319,0.489977433027284,0.489977433027284,0.3293298987319,0.5,0.5,0.5,0.5,-0.3293298987319,0.3,4,0.5
1,6,15,0,0,1,3,1,2,1,0,0.338081018691028,0.23053092911233,0.338081018691028,0.23053092911233,0.5,0.5,0.5,0.5,-0.338081018691028,0.3,4,0.5
1,6,16,0,0,3,1,1,1,0,1,0.236656713083719,0.23053092911233,0.23053092911233,0.236656713083719,0.5,0.5,0.5,0.5,0.763343286916281,0.3,4,0.5
1,6,17,0,0,2,1,1,1,0,0,0.465659699158604,0.489977433027284,0.489977433027284,0.465659699158604,0.5,0.5,0.5,0.5,-0.465659699158604,0.3,4,0.5
1,6,18,0,0,2,1,2,2,1,0,0.489977433027284,0.325961789411022,0.489977433027284,0.325961789411022,0.5,0.5,0.5,0.5,-0.489977433027284,0.3,4,0.5
1,6,19,0,0,2,3,2,2,1,1,0.342984203119099,0.23053092911233,0.342984203119099,0.23053092911233,0.5,0.5,0.5,0.5,0.657015796880901,0.3,4,0.5
1,6,20,0,0,2,3,2,2,1,0,0.540088942183369,0.23053092911233,0.540088942183369,0.23053092911233,0.5,0.5,0.5,0.5,-0.540088942183369,0.3,4,0.5
1,6,21,0,0,3,1,3,2,1,1,0.23053092911233,0.325961789411022,0.23053092911233,0.325961789411022,0.5,0.5,0.5,0.5,0.76946907088767,0.3,4,0.5
1,6,22,0,0,2,1,1,1,0,1,0.325961789411022,0.378062259528358,0.378062259528358,0.325961789411022,0.5,0.5,0.5,0.5,0.674038210588978,0.3,4,0.5
1,6,23,0,0,2,3,3,1,0,0,0.461371650378631,0.378062259528358,0.378062259528358,0.461371650378631,0.5,0.5,0.5,0.5,-0.461371650378631,0.3,4,0.5
1,6,24,0,0,2,1,1,1,0,1,0.528173252587716,0.378062259528358,0.378062259528358,0.528173252587716,0.5,0.5,0.5,0.5,0.471826747412284,0.3,4,0.5
1,6,25,0,0,2,3,2,2,1,0,0.378062259528358,0.322960155265042,0.378062259528358,0.322960155265042,0.5,0.5,0.5,0.5,-0.378062259528358,0.3,4,0.5
1,1,1,1,1,3,2,3,2,1,1,0.5,0.5,0.5,0.5,0.8,0.8,0.8,0.8,0.5,0.3,4,0.8
1,1,2,0,0,2,1,2,2,1,0,0.5,0.5,0.5,0.5,0.8,0.8,0.8,0.8,-0.5,0.3,4,0.8
1,1,3,0,0,3,1,3,2,1,1,0.65,0.5,0.65,0.5,0.8,0.8,0.8,0.8,0.35,0.3,4,0.8
1,1,4,0,0,1,3,3,1,0,1,0.755,0.5,0.5,0.755,0.8,0.8,0.8,0.8,0.245,0.3,4,0.8
1,1,5,0,0,1,2,2,1,0,1,0.35,0.5,0.5,0.35,0.8,0.8,0.8,0.8,0.65,0.3,4,0.8
1,1,6,0,0,1,2,2,1,0,1,0.545,0.5,0.5,0.545,0.8,0.8,0.8,0.8,0.455,0.3,4,0.8
1,1,7,0,0,1,2,1,2,1,1,0.5,0.6815,0.5,0.6815,0.8,0.8,0.8,0.8,0.5,0.3,4,0.8
1,1,8,0,0,1,3,3,1,0,0,0.8285,0.65,0.65,0.8285,0.8,0.8,0.8,0.8,-0.8285,0.3,4,0.8
1,1,9,0,0,2,3,3,1,0,1,0.57995,0.6815,0.6815,0.57995,0.8,0.8,0.8,0.8,0.42005,0.3,4,0.8
1,1,10,0,0,1,2,1,2,1,1,0.65,0.6815,0.65,0.6815,0.8,0.8,0.8,0.8,0.35,0.3,4,0.8
1,1,11,0,0,3,1,1,1,0,1,0.755,0.705965,0.705965,0.755,0.8,0.8,0.8,0.8,0.245,0.3,4,0.8
1,1,12,0,0,3,2,3,2,1,0,0.705965,0.6815,0.705965,0.6815,0.8,0.8,0.8,0.8,-0.705965,0.3,4,0.8
1,1,13,0,0,2,3,2,2,1,1,0.6815,0.4941755,0.6815,0.4941755,0.8,0.8,0.8,0.8,0.3185,0.3,4,0.8
1,1,14,0,0,3,1,1,1,0,1,0.8285,0.4941755,0.4941755,0.8285,0.8,0.8,0.8,0.8,0.1715,0.3,4,0.8
1,1,15,0,0,2,1,1,1,0,0,0.87995,0.77705,0.77705,0.87995,0.8,0.8,0.8,0.8,-0.87995,0.3,4,0.8
1,1,16,0,0,2,3,3,1,0,1,0.4941755,0.77705,0.77705,0.4941755,0.8,0.8,0.8,0.8,0.5058245,0.3,4,0.8
1,1,17,0,0,3,2,3,2,1,1,0.64592285,0.77705,0.64592285,0.77705,0.8,0.8,0.8,0.8,0.35407715,0.3,4,0.8
1,1,18,0,0,3,2,2,1,0,1,0.77705,0.752145995,0.752145995,0.77705,0.8,0.8,0.8,0.8,0.22295,0.3,4,0.8
1,1,19,0,0,2,1,2,2,1,1,0.843935,0.615965,0.843935,0.615965,0.8,0.8,0.8,0.8,0.156065,0.3,4,0.8
1,1,20,0,0,1,3,3,1,0,0,0.752145995,0.615965,0.615965,0.752145995,0.8,0.8,0.8,0.8,-0.752145995,0.3,4,0.8
1,1,21,0,0,3,1,3,2,1,0,0.5265021965,0.615965,0.5265021965,0.615965,0.8,0.8,0.8,0.8,-0.5265021965,0.3,4,0.8
1,1,22,0,0,3,2,2,1,0,1,0.8907545,0.36855153755,0.36855153755,0.8907545,0.8,0.8,0.8,0.8,0.1092455,0.3,4,0.8
1,1,23,0,0,2,3,2,2,1,1,0.92352815,0.36855153755,0.92352815,0.36855153755,0.8,0.8,0.8,0.8,0.07647185,0.3,4,0.8
1,1,24,0,0,3,1,3,2,1,1,0.36855153755,0.615965,0.36855153755,0.615965,0.8,0.8,0.8,0.8,0.63144846245,0.3,4,0.8
1,1,25,0,0,1,3,3,1,0,1,0.557986076285,0.615965,0.615965,0.557986076285,0.8,0.8,0.8,0.8,0.442013923715,0.3,4,0.8
1,2,1,1,0,2,3,3,1,0,1,0.6905902533995,0.946469705,0.946469705,0.6905902533995,0.8,0.8,0.8,0.8,0.3094097466005,0.3,4,0.8
1,2,2,0,0,3,1,1,1,0,1,0.615965,0.78341317737965,0.78341317737965,0.615965,0.8,0.8,0.8,0.8,0.384035,0.3,4,0.8
1,2,3,0,0,3,1,3,2,1,0,0.78341317737965,0.7311755,0.78341317737965,0.7311755,0.8,0.8,0.8,0.8,-0.78341317737965,0.3,4,0.8
1,2,4,0,0,1,2,2,1,0,1,0.946469705,0.7311755,0.7311755,0.946469705,0.8,0.8,0.8,0.8,0.0535302950000001,0.3,4,0.8
1,2,5,0,0,3,2,2,1,0,1,0.9625287935,0.548389224165755,0.548389224165755,0.9625287935,0.8,0.8,0.8,0.8,0.0374712065,0.3,4,0.8
1,2,6,0,0,2,3,2,2,1,1,0.97377015545,0.548389224165755,0.97377015545,0.548389224165755,0.8,0.8,0.8,0.8,0.02622984455,0.3,4,0.8
1,2,7,0,0,1,3,1,2,1,1,0.7311755,0.548389224165755,0.7311755,0.548389224165755,0.8,0.8,0.8,0.8,0.2688245,0.3,4,0.8
1,2,8,0,0,3,1,1,1,0,0,0.81182285,0.548389224165755,0.548389224165755,0.81182285,0.8,0.8,0.8,0.8,-0.81182285,0.3,4,0.8
1,2,9,0,0,2,3,2,2,1,1,0.981639108815,0.548389224165755,0.981639108815,0.548389224165755,0.8,0.8,0.8,0.8,0.018360891185,0.3,4,0.8
1,2,10,0,0,1,3,1,2,1,1,0.568275995,0.548389224165755,0.568275995,0.548389224165755,0.8,0.8,0.8,0.8,0.431724005,0.3,4,0.8
1,2,11,0,0,2,1,2,2,1,1,0.9871473761705,0.6977931965,0.9871473761705,0.6977931965,0.8,0.8,0.8,0.8,0.0128526238294999,0.3,4,0.8
1,2,12,0,0,3,1,3,2,1,0,0.548389224165755,0.6977931965,0.548389224165755,0.6977931965,0.8,0.8,0.8,0.8,-0.548389224165755,0.3,4,0.8
1,2,13,0,0,1,3,1,2,1,1,0.6977931965,0.383872456916028,0.6977931965,0.383872456916028,0.8,0.8,0.8,0.8,0.3022068035,0.3,4,0.8
1,2,14,0,0,3,1,1,1,0,1,0.78845523755,0.383872456916028,0.383872456916028,0.78845523755,0.8,0.8,0.8,0.8,0.21154476245,0.3,4,0.8
1,2,15,0,0,1,3,1,2,1,1,0.851918666285,0.383872456916028,0.851918666285,0.383872456916028,0.8,0.8,0.8,0.8,0.148081333715,0.3,4,0.8
1,2,16,0,0,3,1,1,1,0,0,0.8963430663995,0.383872456916028,0.383872456916028,0.8963430663995,0.8,0.8,0.8,0.8,-0.8963430663995,0.3,4,0.8
1,2,17,0,0,2,1,2,2,1,0,0.99100316331935,0.62744014647965,0.99100316331935,0.62744014647965,0.8,0.8,0.8,0.8,-0.99100316331935,0.3,4,0.8
1,2,18,0,0,2,3,2,2,1,1,0.693702214323545,0.383872456916028,0.693702214323545,0.383872456916028,0.8,0.8,0.8,0.8,0.306297785676455,0.3,4,0.8
1,2,19,0,0,3,2,2,1,0,1,0.785591550026482,0.383872456916028,0.383872456916028,0.785591550026482,0.8,0.8,0.8,0.8,0.214408449973518,0.3,4,0.8
1,2,20,0,0,1,2,2,1,0,1,0.849914085018537,0.62744014647965,0.62744014647965,0.849914085018537,0.8,0.8,0.8,0.8,0.150085914981463,0.3,4,0.8
1,2,21,0,0,2,3,2,2,1,1,0.894939859512976,0.383872456916028,0.894939859512976,0.383872456916028,0.8,0.8,0.8,0.8,0.105060140487024,0.3,4,0.8
1,2,22,0,0,3,2,2,1,0,1,0.926457901659083,0.383872456916028,0.383872456916028,0.926457901659083,0.8,0.8,0.8,0.8,0.0735420983409169,0.3,4,0.8
1,2,23,0,0,2,1,2,2,1,1,0.948520531161358,0.62744014647965,0.948520531161358,0.62744014647965,0.8,0.8,0.8,0.8,0.0514794688386417,0.3,4,0.8
1,2,24,0,0,1,3,3,1,0,1,0.383872456916028,0.62744014647965,0.62744014647965,0.383872456916028,0.8,0.8,0.8,0.8,0.616127543083972,0.3,4,0.8
1,2,25,0,0,1,3,1,2,1,1,0.62744014647965,0.56871071984122,0.62744014647965,0.56871071984122,0.8,0.8,0.8,0.8,0.37255985352035,0.3,4,0.8
1,3,1,1,0,2,3,3,1,0,1,0.56871071984122,0.963964371812951,0.963964371812951,0.56871071984122,0.8,0.8,0.8,0.8,0.43128928015878,0.3,4,0.8
1,3,2,0,0,2,1,2,2,1,1,0.963964371812951,0.739208102535755,0.963964371812951,0.739208102535755,0.8,0.8,0.8,0.8,0.0360356281870492,0.3,4,0.8
1,3,3,0,0,3,1,1,1,0,1,0.739208102535755,0.698097503888854,0.698097503888854,0.739208102535755,0.8,0.8,0.8,0.8,0.260791897464245,0.3,4,0.8
1,3,4,0,0,1,3,1,2,1,0,0.817445671775028,0.698097503888854,0.817445671775028,0.698097503888854,0.8,0.8,0.8,0.8,-0.817445671775028,0.3,4,0.8
1,3,5,0,0,2,1,2,2,1,1,0.974775060269066,0.57221197024252,0.974775060269066,0.57221197024252,0.8,0.8,0.8,0.8,0.0252249397309344,0.3,4,0.8
1,3,6,0,0,2,3,2,2,1,0,0.982342542188346,0.698097503888854,0.982342542188346,0.698097503888854,0.8,0.8,0.8,0.8,-0.982342542188346,0.3,4,0.8
1,3,7,0,0,2,3,2,2,1,1,0.687639779531842,0.698097503888854,0.687639779531842,0.698097503888854,0.8,0.8,0.8,0.8,0.312360220468158,0.3,4,0.8
1,3,8,0,0,2,3,3,1,0,1,0.698097503888854,0.78134784567229,0.78134784567229,0.698097503888854,0.8,0.8,0.8,0.8,0.301902496111146,0.3,4,0.8
1,3,9,0,0,1,3,3,1,0,1,0.788668252722198,0.57221197024252,0.57221197024252,0.788668252722198,0.8,0.8,0.8,0.8,0.211331747277802,0.3,4,0.8
1,3,10,0,0,3,1,3,2,1,1,0.852067776905538,0.57221197024252,0.852067776905538,0.57221197024252,0.8,0.8,0.8,0.8,0.147932223094462,0.3,4,0.8
1,3,11,0,0,2,1,1,1,0,0,0.57221197024252,0.78134784567229,0.78134784567229,0.57221197024252,0.8,0.8,0.8,0.8,-0.57221197024252,0.3,4,0.8
1,3,12,0,0,3,1,3,2,1,1,0.896447443833877,0.400548379169764,0.896447443833877,0.400548379169764,0.8,0.8,0.8,0.8,0.103552556166123,0.3,4,0.8
1,3,13,0,0,2,3,2,2,1,1,0.78134784567229,0.927513210683714,0.78134784567229,0.927513210683714,0.8,0.8,0.8,0.8,0.21865215432771,0.3,4,0.8
1,3,14,0,0,2,3,3,1,0,0,0.927513210683714,0.846943491970603,0.846943491970603,0.927513210683714,0.8,0.8,0.8,0.8,-0.927513210683714,0.3,4,0.8
1,3,15,0,0,1,2,2,1,0,1,0.846943491970603,0.400548379169764,0.400548379169764,0.846943491970603,0.8,0.8,0.8,0.8,0.153056508029397,0.3,4,0.8
1,3,16,0,0,1,2,2,1,0,0,0.892860444379422,0.400548379169764,0.400548379169764,0.892860444379422,0.8,0.8,0.8,0.8,-0.892860444379422,0.3,4,0.8
1,3,17,0,0,1,3,3,1,0,1,0.6492592474786,0.400548379169764,0.400548379169764,0.6492592474786,0.8,0.8,0.8,0.8,0.3507407525214,0.3,4,0.8
1,3,18,0,0,3,1,1,1,0,1,0.400548379169764,0.75448147323502,0.75448147323502,0.400548379169764,0.8,0.8,0.8,0.8,0.599451620830236,0.3,4,0.8
1,3,19,0,0,3,2,2,1,0,1,0.625002311065595,0.75448147323502,0.75448147323502,0.625002311065595,0.8,0.8,0.8,0.8,0.374997688934405,0.3,4,0.8
1,3,20,0,0,2,3,3,1,0,1,0.75448147323502,0.737501617745917,0.737501617745917,0.75448147323502,0.8,0.8,0.8,0.8,0.24551852676498,0.3,4,0.8
1,3,21,0,0,1,3,3,1,0,1,0.828137031264514,0.580383865418835,0.580383865418835,0.828137031264514,0.8,0.8,0.8,0.8,0.171862968735486,0.3,4,0.8
1,3,22,0,0,1,3,3,1,0,1,0.87969592188516,0.580383865418835,0.580383865418835,0.87969592188516,0.8,0.8,0.8,0.8,0.12030407811484,0.3,4,0.8
1,3,23,0,0,1,3,1,2,1,0,0.580383865418835,0.915787145319612,0.580383865418835,0.915787145319612,0.8,0.8,0.8,0.8,-0.580383865418835,0.3,4,0.8
1,3,24,0,0,3,1,3,2,1,1,0.915787145319612,0.406268705793184,0.915787145319612,0.406268705793184,0.8,0.8,0.8,0.8,0.0842128546803882,0.3,4,0.8
1,3,25,0,0,3,2,3,2,1,1,0.941051001723728,0.737501617745917,0.941051001723728,0.737501617745917,0.8,0.8,0.8,0.8,0.0589489982762718,0.3,4,0.8
1,4,1,1,0,2,3,3,1,0,1,0.95873570120661,0.737501617745917,0.737501617745917,0.95873570120661,0.8,0.8,0.8,0.8,0.0412642987933902,0.3,4,0.8
1,4,2,0,0,3,2,3,2,1,1,0.971114990844627,0.737501617745917,0.971114990844627,0.737501617745917,0.8,0.8,0.8,0.8,0.0288850091553732,0.3,4,0.8
1,4,3,0,0,3,2,3,2,1,1,0.979780493591239,0.737501617745917,0.979780493591239,0.737501617745917,0.8,0.8,0.8,0.8,0.0202195064087612,0.3,4,0.8
1,4,4,0,0,2,1,2,2,1,0,0.737501617745917,0.406268705793184,0.737501617745917,0.406268705793184,0.8,0.8,0.8,0.8,-0.737501617745917,0.3,4,0.8
1,4,5,0,0,1,3,3,1,0,0,0.985846345513867,0.406268705793184,0.406268705793184,0.985846345513867,0.8,0.8,0.8,0.8,-0.985846345513867,0.3,4,0.8
1,4,6,0,0,3,2,2,1,0,1,0.516251132422142,0.690092441859707,0.690092441859707,0.516251132422142,0.8,0.8,0.8,0.8,0.483748867577858,0.3,4,0.8
1,4,7,0,0,1,3,1,2,1,0,0.406268705793184,0.690092441859707,0.406268705793184,0.690092441859707,0.8,0.8,0.8,0.8,-0.406268705793184,0.3,4,0.8
1,4,8,0,0,1,2,1,2,1,1,0.284388094055229,0.661375792695499,0.284388094055229,0.661375792695499,0.8,0.8,0.8,0.8,0.715611905944771,0.3,4,0.8
1,4,9,0,0,2,3,3,1,0,0,0.690092441859707,0.661375792695499,0.661375792695499,0.690092441859707,0.8,0.8,0.8,0.8,-0.690092441859707,0.3,4,0.8
1,4,10,0,0,3,1,1,1,0,1,0.49907166583866,0.483064709301795,0.483064709301795,0.49907166583866,0.8,0.8,0.8,0.8,0.50092833416134,0.3,4,0.8
1,4,11,0,0,1,3,1,2,1,1,0.649350166087062,0.483064709301795,0.649350166087062,0.483064709301795,0.8,0.8,0.8,0.8,0.350649833912938,0.3,4,0.8
1,4,12,0,0,1,2,2,1,0,1,0.661375792695499,0.754545116260944,0.754545116260944,0.661375792695499,0.8,0.8,0.8,0.8,0.338624207304501,0.3,4,0.8
1,4,13,0,0,2,1,2,2,1,1,0.762963054886849,0.754545116260944,0.762963054886849,0.754545116260944,0.8,0.8,0.8,0.8,0.237036945113151,0.3,4,0.8
1,4,14,0,0,2,3,2,2,1,1,0.834074138420795,0.483064709301795,0.834074138420795,0.483064709301795,0.8,0.8,0.8,0.8,0.165925861579205,0.3,4,0.8
1,4,15,0,0,1,3,1,2,1,1,0.754545116260944,0.483064709301795,0.754545116260944,0.483064709301795,0.8,0.8,0.8,0.8,0.245454883739056,0.3,4,0.8
1,4,16,0,0,2,3,2,2,1,1,0.883851896894556,0.483064709301795,0.883851896894556,0.483064709301795,0.8,0.8,0.8,0.8,0.116148103105444,0.3,4,0.8
1,4,17,0,0,3,2,2,1,0,1,0.918696327826189,0.483064709301795,0.483064709301795,0.918696327826189,0.8,0.8,0.8,0.8,0.0813036721738106,0.3,4,0.8
1,4,18,0,0,3,1,1,1,0,1,0.828181581382661,0.483064709301795,0.483064709301795,0.828181581382661,0.8,0.8,0.8,0.8,0.171818418617339,0.3,4,0.8
1,4,19,0,0,1,2,1,2,1,0,0.879727106967862,0.943087429478333,0.879727106967862,0.943087429478333,0.8,0.8,0.8,0.8,-0.879727106967862,0.3,4,0.8
1,4,20,0,0,2,1,2,2,1,1,0.943087429478333,0.615808974877504,0.943087429478333,0.615808974877504,0.8,0.8,0.8,0.8,0.0569125705216674,0.3,4,0.8
1,4,21,0,0,3,2,2,1,0,0,0.960161200634833,0.483064709301795,0.483064709301795,0.960161200634833,0.8,0.8,0.8,0.8,-0.960161200634833,0.3,4,0.8
1,4,22,0,0,2,1,2,2,1,1,0.672112840444383,0.615808974877504,0.672112840444383,0.615808974877504,0.8,0.8,0.8,0.8,0.327887159555617,0.3,4,0.8
1,4,23,0,0,2,3,2,2,1,1,0.770478988311068,0.483064709301795,0.770478988311068,0.483064709301795,0.8,0.8,0.8,0.8,0.229521011688932,0.3,4,0.8
1,4,24,0,0,2,1,2,2,1,0,0.839335291817748,0.615808974877504,0.839335291817748,0.615808974877504,0.8,0.8,0.8,0.8,-0.839335291817748,0.3,4,0.8
1,4,25,0,0,1,3,1,2,1,1,0.615808974877504,0.483064709301795,0.615808974877504,0.483064709301795,0.8,0.8,0.8,0.8,0.384191025122496,0.3,4,0.8
1,5,1,1,0,2,1,1,1,0,1,0.731066282414253,0.587534704272423,0.587534704272423,0.731066282414253,0.8,0.8,0.8,0.8,0.268933717585747,0.3,4,0.8
1,5,2,0,0,2,1,2,2,1,1,0.587534704272423,0.811746397689977,0.587534704272423,0.811746397689977,0.8,0.8,0.8,0.8,0.412465295727577,0.3,4,0.8
1,5,3,0,0,2,3,2,2,1,0,0.711274292990696,0.483064709301795,0.711274292990696,0.483064709301795,0.8,0.8,0.8,0.8,-0.711274292990696,0.3,4,0.8
1,5,4,0,0,3,1,3,2,1,1,0.483064709301795,0.811746397689977,0.483064709301795,0.811746397689977,0.8,0.8,0.8,0.8,0.516935290698205,0.3,4,0.8
1,5,5,0,0,1,3,1,2,1,1,0.811746397689977,0.638145296511256,0.811746397689977,0.638145296511256,0.8,0.8,0.8,0.8,0.188253602310023,0.3,4,0.8
1,5,6,0,0,1,2,1,2,1,1,0.868222478382984,0.497892005093487,0.868222478382984,0.497892005093487,0.8,0.8,0.8,0.8,0.131777521617016,0.3,4,0.8
1,5,7,0,0,1,2,1,2,1,1,0.907755734868089,0.497892005093487,0.907755734868089,0.497892005093487,0.8,0.8,0.8,0.8,0.0922442651319114,0.3,4,0.8
1,5,8,0,0,1,2,1,2,1,0,0.935429014407662,0.497892005093487,0.935429014407662,0.497892005093487,0.8,0.8,0.8,0.8,-0.935429014407662,0.3,4,0.8
1,5,9,0,0,3,2,2,1,0,1,0.497892005093487,0.638145296511256,0.638145296511256,0.497892005093487,0.8,0.8,0.8,0.8,0.502107994906513,0.3,4,0.8
1,5,10,0,0,1,2,2,1,0,1,0.648524403565441,0.654800310085363,0.654800310085363,0.648524403565441,0.8,0.8,0.8,0.8,0.351475596434559,0.3,4,0.8
1,5,11,0,0,3,2,3,2,1,1,0.638145296511256,0.753967082495809,0.638145296511256,0.753967082495809,0.8,0.8,0.8,0.8,0.361854703488744,0.3,4,0.8
1,5,12,0,0,3,2,3,2,1,0,0.746701707557879,0.753967082495809,0.746701707557879,0.753967082495809,0.8,0.8,0.8,0.8,-0.746701707557879,0.3,4,0.8
1,5,13,0,0,3,2,3,2,1,1,0.522691195290516,0.753967082495809,0.522691195290516,0.753967082495809,0.8,0.8,0.8,0.8,0.477308804709484,0.3,4,0.8
1,5,14,0,0,3,2,2,1,0,1,0.753967082495809,0.665883836703361,0.665883836703361,0.753967082495809,0.8,0.8,0.8,0.8,0.246032917504191,0.3,4,0.8
1,5,15,0,0,1,2,2,1,0,1,0.827776957747066,0.654800310085363,0.654800310085363,0.827776957747066,0.8,0.8,0.8,0.8,0.172223042252934,0.3,4,0.8
1,5,16,0,0,1,3,3,1,0,0,0.665883836703361,0.654800310085363,0.654800310085363,0.665883836703361,0.8,0.8,0.8,0.8,-0.665883836703361,0.3,4,0.8
1,5,17,0,0,1,3,1,2,1,1,0.654800310085363,0.466118685692353,0.654800310085363,0.466118685692353,0.8,0.8,0.8,0.8,0.345199689914637,0.3,4,0.8
1,5,18,0,0,1,3,3,1,0,1,0.466118685692353,0.758360217059754,0.758360217059754,0.466118685692353,0.8,0.8,0.8,0.8,0.533881314307647,0.3,4,0.8
1,5,19,0,0,1,2,2,1,0,0,0.879443870422946,0.758360217059754,0.758360217059754,0.879443870422946,0.8,0.8,0.8,0.8,-0.879443870422946,0.3,4,0.8
1,5,20,0,0,3,2,2,1,0,1,0.615610709296063,0.626283079984647,0.626283079984647,0.615610709296063,0.8,0.8,0.8,0.8,0.384389290703937,0.3,4,0.8
1,5,21,0,0,3,2,2,1,0,1,0.730927496507244,0.626283079984647,0.626283079984647,0.730927496507244,0.8,0.8,0.8,0.8,0.269072503492756,0.3,4,0.8
1,5,22,0,0,2,3,3,1,0,1,0.626283079984647,0.811649247555071,0.811649247555071,0.626283079984647,0.8,0.8,0.8,0.8,0.373716920015353,0.3,4,0.8
1,5,23,0,0,2,3,3,1,0,1,0.738398155989253,0.811649247555071,0.811649247555071,0.738398155989253,0.8,0.8,0.8,0.8,0.261601844010747,0.3,4,0.8
1,5,24,0,0,2,1,2,2,1,1,0.811649247555071,0.758360217059754,0.811649247555071,0.758360217059754,0.8,0.8,0.8,0.8,0.188350752444929,0.3,4,0.8
1,5,25,0,0,3,2,2,1,0,0,0.868154473288549,0.816878709192477,0.816878709192477,0.868154473288549,0.8,0.8,0.8,0.8,-0.868154473288549,0.3,4,0.8
1,6,1,1,0,1,2,1,2,1,1,0.758360217059754,0.607708131301985,0.758360217059754,0.607708131301985,0.8,0.8,0.8,0.8,0.241639782940246,0.3,4,0.8
1,6,2,0,0,1,2,1,2,1,1,0.830852151941828,0.607708131301985,0.830852151941828,0.607708131301985,0.8,0.8,0.8,0.8,0.169147848058172,0.3,4,0.8
1,6,3,0,0,2,1,1,1,0,1,0.88159650635928,0.607708131301985,0.607708131301985,0.88159650635928,0.8,0.8,0.8,0.8,0.11840349364072,0.3,4,0.8
1,6,4,0,0,1,2,2,1,0,1,0.607708131301985,0.917117554451496,0.917117554451496,0.607708131301985,0.8,0.8,0.8,0.8,0.392291868698015,0.3,4,0.8
1,6,5,0,0,3,2,2,1,0,1,0.725395691911389,0.816878709192477,0.816878709192477,0.725395691911389,0.8,0.8,0.8,0.8,0.274604308088611,0.3,4,0.8
1,6,6,0,0,2,3,2,2,1,1,0.807776984337973,0.816878709192477,0.807776984337973,0.816878709192477,0.8,0.8,0.8,0.8,0.192223015662027,0.3,4,0.8
1,6,7,0,0,1,2,1,2,1,1,0.917117554451496,0.865443889036581,0.917117554451496,0.865443889036581,0.8,0.8,0.8,0.8,0.0828824455485042,0.3,4,0.8
1,6,8,0,0,3,2,3,2,1,1,0.816878709192477,0.865443889036581,0.816878709192477,0.865443889036581,0.8,0.8,0.8,0.8,0.183121290807523,0.3,4,0.8
1,6,9,0,0,1,3,3,1,0,1,0.871815096434734,0.941982288116047,0.941982288116047,0.871815096434734,0.8,0.8,0.8,0.8,0.128184903565266,0.3,4,0.8
1,6,10,0,0,3,2,3,2,1,1,0.910270567504314,0.865443889036581,0.910270567504314,0.865443889036581,0.8,0.8,0.8,0.8,0.0897294324956863,0.3,4,0.8
1,6,11,0,0,3,1,1,1,0,1,0.941982288116047,0.93718939725302,0.93718939725302,0.941982288116047,0.8,0.8,0.8,0.8,0.058017711883953,0.3,4,0.8
1,6,12,0,0,3,2,2,1,0,1,0.865443889036581,0.93718939725302,0.93718939725302,0.865443889036581,0.8,0.8,0.8,0.8,0.134556110963419,0.3,4,0.8
1,6,13,0,0,2,3,2,2,1,1,0.905810722325607,0.93718939725302,0.905810722325607,0.93718939725302,0.8,0.8,0.8,0.8,0.0941892776743934,0.3,4,0.8
1,6,14,0,0,3,1,3,2,1,1,0.93718939725302,0.959387601681233,0.93718939725302,0.959387601681233,0.8,0.8,0.8,0.8,0.0628106027469805,0.3,4,0.8
1,6,15,0,0,2,3,2,2,1,1,0.934067505627925,0.956032578077114,0.934067505627925,0.956032578077114,0.8,0.8,0.8,0.8,0.0659324943720754,0.3,4,0.8
1,6,16,0,0,3,1,3,2,1,1,0.956032578077114,0.959387601681233,0.956032578077114,0.959387601681233,0.8,0.8,0.8,0.8,0.0439674219228863,0.3,4,0.8
1,6,17,0,0,3,2,3,2,1,1,0.96922280465398,0.953847253939547,0.96922280465398,0.953847253939547,0.8,0.8,0.8,0.8,0.0307771953460204,0.3,4,0.8
1,6,18,0,0,3,1,1,1,0,1,0.959387601681233,0.978455963257786,0.978455963257786,0.959387601681233,0.8,0.8,0.8,0.8,0.0406123983187671,0.3,4,0.8
1,6,19,0,0,3,2,2,1,0,1,0.953847253939547,0.978455963257786,0.978455963257786,0.953847253939547,0.8,0.8,0.8,0.8,0.0461527460604527,0.3,4,0.8
1,6,20,0,0,1,2,1,2,1,1,0.971571321176863,0.967693077757683,0.971571321176863,0.967693077757683,0.8,0.8,0.8,0.8,0.0284286788231369,0.3,4,0.8
1,6,21,0,0,1,2,1,2,1,1,0.980099924823804,0.967693077757683,0.980099924823804,0.967693077757683,0.8,0.8,0.8,0.8,0.0199000751761959,0.3,4,0.8
1,6,22,0,0,3,1,1,1,0,1,0.986069947376663,0.978455963257786,0.978455963257786,0.986069947376663,0.8,0.8,0.8,0.8,0.0139300526233371,0.3,4,0.8
1,6,23,0,0,1,2,1,2,1,1,0.990248963163664,0.967693077757683,0.990248963163664,0.967693077757683,0.8,0.8,0.8,0.8,0.00975103683633605,0.3,4,0.8
1,6,24,0,0,3,2,2,1,0,1,0.967693077757683,0.978455963257786,0.978455963257786,0.967693077757683,0.8,0.8,0.8,0.8,0.0323069222423169,0.3,4,0.8
1,6,25,0,0,2,3,2,2,1,0,0.977385154430378,0.978455963257786,0.977385154430378,0.978455963257786,0.8,0.8,0.8,0.8,-0.977385154430378,0.3,4,0.8
