participant,participant_idx
60f19a691466276fe085b461,1
61563a4b0def9000ccc976ec,2
62ebe597372fdef388b734b3,3
667bd577710d52a05ac09036,4
69728435c9476fe76dd2ab2f,5
697a645e36e6f14eea2b396b,6
697caeea2ec1c2604535f8aa,7
6980792fded33a62e27ce7cc,8
69808775dc84b90f4adafb2f,9
6980990e5c9007100eb282b6,10
6980d9a70a7862a47c69046d,11
6981150699107501d80e74b6,12
6981e6c2e26c88d954f297eb,13
69829236d776a93cf3afa632,14
698341d57fe7b870bddf91b8,15
6984a9246122d3bd4ca0833e,16
69d5525ec7afcfce08d8608b,17
69d555ce85e30d6215e559d9,18
69dac2125e535db5a698ea18,19
69e913482ae5864d44e6387c,20
