participant,understood_eq_felt,param,median,lo90,hi90
60e46e6f6bc0c2cdf5d077ce,True,alpha_m1,0.9585830157177688,0.8008696556578131,0.9981483477427581
60e46e6f6bc0c2cdf5d077ce,True,beta_m1,1.4333665000205704,0.991833107413564,1.890932155324769
60e46e6f6bc0c2cdf5d077ce,True,kappa_m1,-0.9676838159869809,-1.36513578264254,-0.6113939539665509
60e46e6f6bc0c2cdf5d077ce,True,delta_m1,0.9454960580815296,0.6331996672547484,0.9982635077741425
60e46e6f6bc0c2cdf5d077ce,True,kappa_m2,-0.5841892091858172,-0.9262475907934514,-0.25404033162723555
60e46e6f6bc0c2cdf5d077ce,True,delta_m2,0.9692508646308613,0.44947691882759844,0.9995093000466455
60e6b55696dade249aa3249b,True,alpha_m1,0.9501052018719774,0.8059769428960788,0.9977341651287494
60e6b55696dade249aa3249b,True,beta_m1,3.1917788089775962,2.2301050603008776,4.425466745860027
60e6b55696dade249aa3249b,True,kappa_m1,1.5381759479591475,1.1122857017438799,1.991744544629193
60e6b55696dade249aa3249b,True,delta_m1,0.9856116648418431,0.9335664043502706,0.9992975114231276
60e6b55696dade249aa3249b,True,kappa_m2,2.1470507084714407,1.7958370068419574,2.534351623736232
60e6b55696dade249aa3249b,True,delta_m2,0.994734871632971,0.9714450703084068,0.9997941883799308
60e9f29fe1f58945339696d0,True,alpha_m1,0.5686671712258189,0.4083347939011529,0.7935322725123266
60e9f29fe1f58945339696d0,True,beta_m1,2.352156271326373,1.4833841315737273,3.3608479332017334
60e9f29fe1f58945339696d0,True,kappa_m1,0.20805871059636133,-0.14653988491531353,0.5302695682689939
60e9f29fe1f58945339696d0,True,delta_m1,0.8886337524142782,0.13008098930428547,0.9978618268098827
60e9f29fe1f58945339696d0,True,kappa_m2,0.5587777702959831,0.28258153914457285,0.8339313007595919
60e9f29fe1f58945339696d0,True,delta_m2,0.9870991552870251,0.839787127769249,0.9996645065983776
6661b6019ab530fb44632cc2,True,alpha_m1,0.8822432464838523,0.3128462365697837,0.9959020385995021
6661b6019ab530fb44632cc2,True,beta_m1,0.7339412195156099,0.3345749827839285,1.2996355854766632
6661b6019ab530fb44632cc2,True,kappa_m1,-0.06396485270693308,-0.3842848976656012,0.26493325273865065
6661b6019ab530fb44632cc2,True,delta_m1,0.8663902874581915,0.11702848178954144,0.9975237404676566
6661b6019ab530fb44632cc2,True,kappa_m2,0.03570360383811532,-0.2756872694039818,0.3395180708228815
6661b6019ab530fb44632cc2,True,delta_m2,0.9575189884117302,0.13881788101049122,0.9994586468510177
66912a96b8dba143ceba8276,True,alpha_m1,0.7109903696089006,0.5715584739397263,0.8615897146304043
66912a96b8dba143ceba8276,True,beta_m1,4.528471038048525,3.5207183413222256,5.660286666758151
66912a96b8dba143ceba8276,True,kappa_m1,0.1796250539688774,-0.3420488457665353,0.7834157544784249
66912a96b8dba143ceba8276,True,delta_m1,0.6956580083617646,0.05009407932439156,0.9959896313961348
66912a96b8dba143ceba8276,True,kappa_m2,1.1997246211300765,0.9129789161844251,1.5169988608004394
66912a96b8dba143ceba8276,True,delta_m2,0.9865627406384376,0.8980778411396763,0.9996976538968088
66ab330c867b56b7333c7f26,True,alpha_m1,0.2612807417448064,0.007484032491281675,0.9883676068036831
66ab330c867b56b7333c7f26,True,beta_m1,0.2786745521961089,-1.0602260222044215,2.4151464239890292
66ab330c867b56b7333c7f26,True,kappa_m1,0.5303720257069311,0.238509739321835,0.8353530728023694
66ab330c867b56b7333c7f26,True,delta_m1,0.937877116800316,0.5136951784550186,0.9982539630135074
66ab330c867b56b7333c7f26,True,kappa_m2,0.5508732731559948,0.2536789365375614,0.8379373234864717
66ab330c867b56b7333c7f26,True,delta_m2,0.9786100763454699,0.6353915201614604,0.9995933569375401
66ab9137e5573312997df691,True,alpha_m1,0.9780517030289377,0.9038943978577652,0.9986951399962649
66ab9137e5573312997df691,True,beta_m1,2.3079807798706935,1.784400765030489,2.889207864827756
66ab9137e5573312997df691,True,kappa_m1,-0.6717468926496318,-1.1059775982212225,-0.2598187015355772
66ab9137e5573312997df691,True,delta_m1,0.9665322616852492,0.7272479501170869,0.9987701003011805
66ab9137e5573312997df691,True,kappa_m2,0.19533452807626792,-0.10709296768209914,0.5292711718858654
66ab9137e5573312997df691,True,delta_m2,0.9295769683605902,0.10674236155759212,0.9994406424837666
677009b08130c3028f6a8a6d,False,alpha_m1,0.9493879222711055,0.7857586696118337,0.99729021382274
677009b08130c3028f6a8a6d,False,beta_m1,1.7421683543317554,1.21787064350085,2.299141411467476
677009b08130c3028f6a8a6d,False,kappa_m1,0.7971571899664565,0.4011836557197733,1.2420045284910697
677009b08130c3028f6a8a6d,False,delta_m1,0.7824955911203042,0.33146237172956344,0.993633541685997
677009b08130c3028f6a8a6d,False,kappa_m2,1.0901115241196604,0.7906762588112719,1.4282564874355157
677009b08130c3028f6a8a6d,False,delta_m2,0.969321956480869,0.7625909184752828,0.9995427541175533
678cc86b7a22ead21c11ea4d,True,alpha_m1,0.17353449893667672,0.041734315184982905,0.5995618317612867
678cc86b7a22ead21c11ea4d,True,beta_m1,2.0590014164580586,0.5081203023593192,4.288395634446355
678cc86b7a22ead21c11ea4d,True,kappa_m1,-0.7636549785720681,-1.1360649530477227,-0.41661435831314364
678cc86b7a22ead21c11ea4d,True,delta_m1,0.7772893290247282,0.09824892902066751,0.9956216946144852
678cc86b7a22ead21c11ea4d,True,kappa_m2,-0.6564140101628961,-1.0363563754616618,-0.31048031732718673
678cc86b7a22ead21c11ea4d,True,delta_m2,0.9344411873025069,0.11323177148958175,0.9994465552097872
67acd3c9faab3a14dfe87135,True,alpha_m1,0.37620728065048914,0.00568457075878786,0.9849943187045653
67acd3c9faab3a14dfe87135,True,beta_m1,0.3196762253080792,-0.9313994643495437,2.4792875380390766
67acd3c9faab3a14dfe87135,True,kappa_m1,-1.3897915491618789,-1.865052819085954,-0.9715486764615124
67acd3c9faab3a14dfe87135,True,delta_m1,0.6980515555434064,0.06685783046640495,0.993426000394389
67acd3c9faab3a14dfe87135,True,kappa_m2,-1.3453703246820776,-1.8052762104381987,-0.9372620523760408
67acd3c9faab3a14dfe87135,True,delta_m2,0.898588128920758,0.09452740048179402,0.9992704399429693
67dae998d8f2cfb8a8e3bf03,False,alpha_m1,0.5474677827516032,0.3854350410034452,0.7461208455858964
67dae998d8f2cfb8a8e3bf03,False,beta_m1,3.369510980598952,2.417351016470594,4.555474655162981
67dae998d8f2cfb8a8e3bf03,False,kappa_m1,-1.5128103405729254,-2.061774202427582,-1.0209139077744611
67dae998d8f2cfb8a8e3bf03,False,delta_m1,0.19882414086590613,0.016842719077206927,0.5627353295370938
67dae998d8f2cfb8a8e3bf03,False,kappa_m2,-0.9282465034078359,-1.4710797801035531,0.32406923002455823
67dae998d8f2cfb8a8e3bf03,False,delta_m2,0.1955935013586202,0.014206930809139222,0.9985918571016985
67f6a640d2046b13fcf33328,True,alpha_m1,0.47632133985110625,0.015835353111328665,0.982351899736201
67f6a640d2046b13fcf33328,True,beta_m1,0.674804323125563,0.08522759471995772,2.8419958067997593
67f6a640d2046b13fcf33328,True,kappa_m1,-0.719251030811471,-1.0899426400095562,-0.374698478925525
67f6a640d2046b13fcf33328,True,delta_m1,0.8856167050719324,0.20954421524368105,0.9976352530664688
67f6a640d2046b13fcf33328,True,kappa_m2,-0.6665706344429311,-1.0156778126602837,-0.3307164292065284
67f6a640d2046b13fcf33328,True,delta_m2,0.9628937155287974,0.31308676730427387,0.9994401391790663
68598a1d4cebd213b2abb1d9,False,alpha_m1,0.127705951294496,0.07385423223852719,0.22023907826354247
68598a1d4cebd213b2abb1d9,False,beta_m1,4.081408296494461,2.8121530776171064,5.5651920592927535
68598a1d4cebd213b2abb1d9,False,kappa_m1,-0.7770347047265544,-1.1275298446329762,-0.4415125210388181
68598a1d4cebd213b2abb1d9,False,delta_m1,0.9524362313985366,0.6804264138451247,0.9983329962547709
68598a1d4cebd213b2abb1d9,False,kappa_m2,-0.40832526442406625,-0.740649825452485,-0.10019848202191517
68598a1d4cebd213b2abb1d9,False,delta_m2,0.9789777983544375,0.5906082540128486,0.9996486446848786
697ccad66fdf3bbcccb90fe4,True,alpha_m1,0.1301450485640846,0.012964413046731703,0.972972980579827
697ccad66fdf3bbcccb90fe4,True,beta_m1,1.0029351327960008,-0.08054925092599029,4.642647094740379
697ccad66fdf3bbcccb90fe4,True,kappa_m1,0.21512966371268874,-0.09210145624625929,0.5277186349180968
697ccad66fdf3bbcccb90fe4,True,delta_m1,0.8464854898402387,0.11595301196525422,0.996939762291907
697ccad66fdf3bbcccb90fe4,True,kappa_m2,0.24697176902877876,-0.03751426088715528,0.5300430537670822
697ccad66fdf3bbcccb90fe4,True,delta_m2,0.9574498538378592,0.2633704816637094,0.999453821188976
69b7e04340b00585acbb91ac,False,alpha_m1,0.8981640910114809,0.7612460996464353,0.9899172713979445
69b7e04340b00585acbb91ac,False,beta_m1,-4.789597082087818,-6.378376369725405,-3.5325664268990065
69b7e04340b00585acbb91ac,False,kappa_m1,0.024159230599341948,-0.43505241397608063,0.5026967661912396
69b7e04340b00585acbb91ac,False,delta_m1,0.8218194301230435,0.09904820324219572,0.99688432966937
69b7e04340b00585acbb91ac,False,kappa_m2,1.13414087228502,0.8465900114306008,1.4307462848725114
69b7e04340b00585acbb91ac,False,delta_m2,0.9892315102102032,0.9038451128798037,0.9997238263752658
69ef99a65d19811a9ddad38b,True,alpha_m1,0.09618188708398004,0.011626632115372173,0.9381781486358274
69ef99a65d19811a9ddad38b,True,beta_m1,1.303303679481192,-0.2594759137722718,4.340818189696436
69ef99a65d19811a9ddad38b,True,kappa_m1,-0.36040730872795385,-0.6861925556205095,-0.04727878656852709
69ef99a65d19811a9ddad38b,True,delta_m1,0.88795646833623,0.21040886348671464,0.9969950561628326
69ef99a65d19811a9ddad38b,True,kappa_m2,-0.3257585099516862,-0.643089609220177,-0.01850027168946009
69ef99a65d19811a9ddad38b,True,delta_m2,0.9665016306106111,0.2965642927422127,0.9995092438020161
69fdce52c07d954848678eaf,True,alpha_m1,0.1817205427230825,0.007310707432610054,0.9705083616524094
69fdce52c07d954848678eaf,True,beta_m1,0.44155699603992893,-0.43892715172423785,3.1417825538012503
69fdce52c07d954848678eaf,True,kappa_m1,-0.2868788453061204,-0.6316193722341807,0.03231911481589863
69fdce52c07d954848678eaf,True,delta_m1,0.7987381776971185,0.06602821536712604,0.9969230876691241
69fdce52c07d954848678eaf,True,kappa_m2,-0.2448072245850047,-0.5689108880531317,0.06599063240284324
69fdce52c07d954848678eaf,True,delta_m2,0.9495167634702297,0.13047684716177943,0.9995572438457041
6a0092581cd317f1ff1765a2,False,alpha_m1,0.9014433235019247,0.660898844019078,0.995595363367302
6a0092581cd317f1ff1765a2,False,beta_m1,1.6984131911114373,1.212924904975387,2.3083720736487394
6a0092581cd317f1ff1765a2,False,kappa_m1,-0.8396873149949422,-1.2705601839416478,-0.4480605864783532
6a0092581cd317f1ff1765a2,False,delta_m1,0.717718643330045,0.10919958731614533,0.9952029425148318
6a0092581cd317f1ff1765a2,False,kappa_m2,-0.32631224815406756,-0.7055292597434818,0.015279676600362835
6a0092581cd317f1ff1765a2,False,delta_m2,0.8910624079183078,0.09011352197692864,0.9993611481042689
